Sector: Automobile & Ancillaries,
Date: 29-Jul-2023,
Note:- Statement: 1 = Standalone and 2 = Consolidated,
Generated by and for: anjanr@wealthwisers.in,

Stock Name,Symbol,Industry,Market Cap(Rs. Cr.),Statement,Period Ending,Total Debt(Rs. Cr.),Enterprise Value(Rs. Cr.),Year Ending,Net Sales (Rs. Cr.),Profit After Tax(Rs. Cr.),TTM Statement,TTM Ending,Price Earning Ratio(TTM),"PEG Ratio ",Price To Book Value(TTM),Debt Equity Ratio,Return On Equity(%),Return On Capital Employed(%),Symbol with Comma for External Upload
Maruti Suzuki India Ltd.,MARUTI,Automobiles - Passenger Cars,292078.19,2,2023-03,1215.8,293252.39,2022-03,88329.8,3879.5,2,2023-03,35.57,,4.73,0.01,7.2,8.87,"MARUTI,"
Tata Motors Ltd.,TATAMOTORS,Automobiles-Trucks/Lcv,211004.66,2,2023-03,125660.48,299649.58,2023-03,345966.97,2353.49,2,2023-06,19.86,,4.37,2.78,5.24,7.48,"TATAMOTORS,"
Mahindra & Mahindra Ltd.,M&M,Automobiles - Passenger Cars,182500.29,2,2023-03,88767.01,259993.87,2023-03,121268.55,11374.48,2,2023-03,17.75,1.36,3.25,1.58,22.09,14.9,"M&M,"
Bajaj Auto Ltd.,BAJAJ-AUTO,Automobile Two & Three Wheelers,138509.04,2,2023-03,124.23,137942.79,2023-03,36455.38,6060.21,2,2023-06,21.18,2.88,4.48,0,20.5,26.51,"BAJAJ-AUTO,"
Eicher Motors Ltd.,EICHERMOT,Automobile Two & Three Wheelers,91805.57,2,2023-03,195.7,91144.15,2022-03,10297.83,1676.6,2,2023-03,31.49,276.35,6.12,0,14.02,18.31,"EICHERMOT,"
Samvardhana Motherson International Ltd.,MOTHERSON,Auto Ancillary,66043,2,2023-03,12165.67,73510.01,2022-03,63536,817.3,2,2023-03,44.16,,2.94,0.62,4.93,6.95,"MOTHERSON,"
TVS Motor Company Ltd.,TVSMOTOR,Automobile Two & Three Wheelers,64509.7,2,2023-03,21626.23,84256.82,2023-03,31973.99,1309.46,2,2023-06,44.14,2.88,10.8,3.93,26.44,14.11,"TVSMOTOR,"
Hero MotoCorp Ltd.,HEROMOTOCO,Automobile Two & Three Wheelers,63389.77,2,2023-03,313.24,63280.21,2023-03,34158.38,2799.9,2,2023-03,22.54,,3.81,0.02,17.26,23.93,"HEROMOTOCO,"
Tube Investments of India Ltd.,TIINDIA,Cycles,60006.18,2,2023-03,629.14,59681.72,2023-03,14964.73,1158.42,2,2023-03,62.8,1.41,15.23,0.16,33.1,38.77,"TIINDIA,"
Bosch Ltd.,BOSCHLTD,Auto Ancillary,55911.39,2,2023-03,0,53854.29,2023-03,14929.3,1424.3,2,2023-03,39.29,,5.09,0,13.14,17.47,"BOSCHLTD,"
Cummins India Ltd.,CUMMINSIND,Diesel Engines,54199.53,2,2023-03,350.04,53163.34,2023-03,7772.09,1228.15,2,2023-03,44.13,3.24,9.41,0.06,22.53,27.6,"CUMMINSIND,"
Ashok Leyland Ltd.,ASHOKLEY,Automobiles-Trucks/Lcv,52644.76,2,2023-03,30920.44,81378.48,2023-03,41672.6,1361.66,2,2023-06,29.59,,5.79,3.63,17.26,12.34,"ASHOKLEY,"
Schaeffler India Ltd.,SCHAEFFLER,Bearings,48146.22,1,2023-06,,46751.36,2022-12,6867.42,879.21,1,2023-06,53.32,3.12,11.03,0,22.15,29.78,"SCHAEFFLER,"
Balkrishna Industries Ltd.,BALKRISIND,Tyres & Allied,47639.16,2,2023-03,3341.75,50904.58,2023-03,9759.53,1057.4,2,2023-03,45.05,5.99,6.3,0.44,14.59,14.85,"BALKRISIND,"
MRF Ltd.,MRF,Tyres & Allied,43486.31,2,2023-03,2425.33,45653.15,2023-03,23008.5,768.96,2,2023-03,56.51,,2.95,0.16,5.35,8.22,"MRF,"
Bharat Forge Ltd.,BHARATFORG,Forgings,42068.26,2,2023-03,6797.02,47825.77,2023-03,12910.26,508.39,2,2023-03,79.62,,6.28,1.01,7.66,8.75,"BHARATFORG,"
UNO Minda Ltd.,UNOMINDA,Auto Ancillary,33598.73,2,2023-03,1251.04,34676.54,2022-03,8313,347.48,2,2023-03,51.33,3.09,8.07,0.24,12.27,14.73,"UNOMINDA,"
AIA Engineering Ltd.,AIAENG,Castings/Forgings,33151.72,2,2023-03,496,32841.74,2022-03,3566.55,619.62,2,2023-03,31.45,5,5.83,0,13.77,17.19,"AIAENG,"
Sona BLW Precision Forgings Ltd.,SONACOMS,Auto Ancillary,33067.2,2,2023-03,217.47,33214.83,2023-03,2675.6,395.3,2,2023-06,76.63,1.94,13.79,0.1,18.47,22.98,"SONACOMS,"
Escorts Kubota Ltd.,ESCORTS,Automobiles-Tractors,28039.49,2,2023-03,0,27567.59,2023-03,8428.69,636.65,2,2023-03,44.03,3.08,3.44,0,8.08,10.74,"ESCORTS,"
Apollo Tyres Ltd.,APOLLOTYRE,Tyres & Allied,26934.63,2,2023-03,5587.65,31676.05,2023-03,24568.13,1104.64,2,2023-03,24.39,2.91,2.09,0.43,8.97,10.87,"APOLLOTYRE,"
SKF India Ltd.,SKFINDIA,Bearings,26296.3,2,2023-03,0,25338.34,2023-03,4304.92,524.88,2,2023-03,49.92,,11.19,0,24.83,34.75,"SKFINDIA,"
Sundram Fasteners Ltd.,SUNDRMFAST,Auto Ancillary,26071.68,2,2023-03,706.03,26690.73,2023-03,5662.75,500.35,2,2023-06,53.76,10.63,8.31,0.23,17.75,19.74,"SUNDRMFAST,"
Timken India Ltd.,TIMKEN,Bearings,25379.18,1,2023-03,29.44,25246.91,2023-03,2806.61,390.74,1,2023-03,64.95,1.94,12.46,0.01,21.16,28.05,"TIMKEN,"
ZF Commercial Vehicle Control Systems India Ltd.,ZFCVINDIA,Auto Ancillary,23508.14,2,2023-03,0,22338.73,2023-03,3444.25,317.67,2,2023-06,66.55,,9.42,0,14.05,19.13,"ZFCVINDIA,"
Endurance Technologies Ltd.,ENDURANCE,Auto Ancillary,23046.2,2,2023-03,496.04,23254.53,2023-03,8804.05,479.58,2,2023-03,48.06,14.82,5.22,0.11,11.51,14.06,"ENDURANCE,"
Exide Industries Ltd.,EXIDEIND,Batteries,21347.75,2,2023-03,279.38,21486.82,2023-03,15078.16,822.77,2,2023-06,25.35,10.82,1.92,0.03,7.58,10.96,"EXIDEIND,"
Tata Motors Ltd. - DVR Ordinary,TATAMTRDVR,Automobiles-Trucks/Lcv,21042.15,1,,,21042.15,-0,,,1,-0,,,,,,,"TATAMTRDVR,"
CIE Automotive India Ltd.,CIEINDIA,Forgings,17972.29,2,2023-06,806.12,18676.54,2022-12,8753,711.3,2,2023-06,190.48,,3.21,0.18,13.82,15.59,"CIEINDIA,"
JBM Auto Ltd.,JBMA,Auto Ancillary,16671.07,2,2023-03,1676.32,18302.66,2022-03,3193.05,156.38,2,2023-03,134.65,5.72,16.27,1.53,19.05,13.67,"JBMA,"
Castrol India Ltd.,CASTROLIND,Lubricants,14589.56,1,2022-12,0,13371.85,2022-12,4774.49,815.15,1,2023-03,18.49,5.54,7.2,0,47.55,62.11,"CASTROLIND,"
Amara Raja Batteries Ltd.,AMARAJABAT,Batteries,10663.82,2,2023-03,16.52,10575.08,2023-03,10388.2,694.53,2,2023-03,15.35,,2.01,0,14.1,19.6,"AMARAJABAT,"
TVS Holdings Ltd.,SUNCLAYLTD,Auto Ancillary,10366.31,2,2023-03,25013,31450.66,2023-03,33564.21,1333.17,2,2023-06,15.12,1.42,2.83,7.72,32.05,13.93,"SUNCLAYLTD,"
Ceat Ltd.,CEATLTD,Tyres & Allied,9845.35,2,2023-03,2092.7,11866.17,2023-03,11314.88,182.39,2,2023-06,30.62,,2.75,0.61,5.43,9.1,"CEATLTD,"
Ramkrishna Forgings Ltd.,RKFORGE,Forgings,8666.02,2,2023-03,1307.33,9926.05,2022-03,2320.25,198.03,2,2023-06,31.39,0.4,6.17,1.49,20.35,14.66,"RKFORGE,"
Jupiter Wagons Ltd.,JWL,Auto Ancillary,8632.91,2,2023-03,287.68,8753.2,2022-03,1178.35,49.65,2,2023-03,71.47,,9.3,0.2,7.55,11.79,"JWL,"
Titagarh Railsystems Ltd.,TITAGARH,Railways Wagons,8425.72,2,2023-03,249.32,8575.06,2022-03,1930.79,-0.69,2,2023-06,44.16,,6.41,1.02,-0.08,7.22,"TITAGARH,"
Minda Corporation Ltd.,MINDACORP,Auto Ancillary,7339.74,2,2023-03,552.6,7730.44,2023-03,4300.1,294.4,2,2023-03,25.8,1.74,4.63,0.35,20.21,17.64,"MINDACORP,"
Kirloskar Ferrous Industries Ltd.,KIRLFER,Castings/Forgings,7119.27,2,2023-03,963.88,8020.48,2023-03,6417.45,437.33,2,2023-03,18.02,,3.42,0.46,22.75,23.64,"KIRLFER,"
Maharashtra Scooters Ltd.,MAHSCOOTER,Auto Ancillary,6639.94,1,2023-03,0,6634.72,2023-03,216.35,195.29,1,2023-06,34.17,1.3,0.35,0,0.93,0.92,"MAHSCOOTER,"
JK Tyre & Industries Ltd.,JKTYRE,Tyres & Allied,6482.03,2,2023-03,4783.54,10999.77,2023-03,14644.94,264.74,2,2023-03,24.7,0.75,1.91,1.41,8.5,10.73,"JKTYRE,"
Rolex Rings Ltd,ROLEXRINGS,Bearings,5985.88,1,2023-03,81.48,6032.96,2022-03,1016.7,131.88,1,2023-03,30.22,2.63,8.06,0.41,29.26,31.27,"ROLEXRINGS,"
Suprajit Engineering Ltd.,SUPRAJIT,Auto Ancillary,5780.66,2,2023-03,641.74,6315.55,2022-03,1840.48,173.08,2,2023-03,38.06,5.46,4.73,0.29,16.83,18.41,"SUPRAJIT,"
PTC Industries Ltd.,PTCIL,Castings/Forgings,5312.2,2,2023-03,176.65,5458.74,2022-03,178.95,12.81,2,2023-03,210.04,11.9,17.67,1.17,7.92,9.18,"PTCIL,"
Varroc Engineering Ltd.,VARROC,Auto Ancillary,5189.39,2,2023-03,1635,6497.27,2022-03,5844.2,-78.28,2,2023-03,0,,5.32,0.78,-3.12,1.85,"VARROC,"
Sansera Engineering Ltd.,SANSERA,Auto Ancillary,4950.05,2,2023-03,712.11,5600.52,2022-03,1989.03,131.89,2,2023-03,33.88,2.22,4.24,0.64,14.25,14.95,"SANSERA,"
HBL Power Systems Ltd.,HBLPOWER,Batteries,4943.77,2,2023-03,77.65,4875.46,2022-03,1236.21,93.71,2,2023-03,50.11,2.74,5.71,0.06,11.37,14.79,"HBLPOWER,"
Jamna Auto Industries Ltd.,JAMNAAUTO,Auto Ancillary,4331.31,2,2023-03,19.22,4293.97,2023-03,2325.32,168.37,2,2023-03,25.75,4.23,5.55,0.02,23.02,27.95,"JAMNAAUTO,"
Steel Strips Wheels Ltd.,SSWL,Auto Ancillary,3960.57,1,2023-03,638.25,4554.82,2022-03,3559.95,205.46,1,2023-06,20.49,0.67,3.51,0.87,25.86,23.5,"SSWL,"
Rajratan Global Wire Ltd.,RAJRATAN,Auto Ancillary,3796.66,2,2023-03,171.29,3954.85,2023-03,895.37,100.12,2,2023-06,48.58,1.07,8.39,0.39,25.66,27.04,"RAJRATAN,"
JTEKT India Ltd.,JTEKTINDIA,Auto Ancillary,3727.1,2,2023-03,57.71,3728.22,2023-03,2043.93,87.12,2,2023-03,45.8,7.86,5.3,0.08,13.06,16.3,"JTEKTINDIA,"
Shanthi Gears Ltd.,SHANTIGEAR,Auto Ancillary,3453.36,1,2023-03,0,3363.28,2023-03,445.65,67.05,1,2023-06,48.14,2.59,10.78,0,23.85,32.21,"SHANTIGEAR,"
Electrosteel Castings Ltd.,ELECTCAST,Castings/Forgings,3379.14,2,2023-03,2628.14,5595.26,2022-03,5280.95,347.57,2,2023-03,10.7,0.56,0.77,0.71,8.9,9.94,"ELECTCAST,"
Pricol Ltd.,PRICOLLTD,Auto Ancillary,3361.49,2,2023-03,89.2,3366.76,2023-03,1958.56,124.69,2,2023-03,26.96,0.79,4.77,0.13,19.48,22.02,"PRICOLLTD,"
Automotive Axles Ltd.,AUTOAXLES,Auto Ancillary,3356.9,1,2023-03,10.42,3320.84,2023-03,2323.7,162.03,1,2023-03,20.72,1.43,4.42,0.01,23.48,31.45,"AUTOAXLES,"
Texmaco Rail & Engineering Ltd.,TEXRAIL,Railways Wagons,3350.02,2,2023-03,982.5,4179.5,2022-03,1621.74,12.22,2,2023-03,128.72,,2.41,0.54,1,6.39,"TEXRAIL,"
LG Balakrishnan & Bros Ltd.,LGBBROSLTD,Auto Ancillary,3302.95,2,2023-03,93.48,3048.86,2022-03,2102.09,245.74,2,2023-06,13.26,0.51,2.78,0.08,24.43,31.38,"LGBBROSLTD,"
HMT Ltd.,HMT,Automobiles-Tractors,3281.15,2,2023-03,3726.94,6757.66,2022-03,178.37,-145.1,2,2023-03,0,0,-0.95,-0.9,0,0,"HMT,"
Force Motors Ltd.,FORCEMOT,Automobiles-Trucks/Lcv,3278.78,2,2023-03,954.76,4092.2,2022-03,3240.42,-90.99,2,2023-03,24.61,,1.75,0.61,-5.08,-3.35,"FORCEMOT,"
Goodyear India Ltd.,GOODYEAR,Tyres & Allied,3265.76,1,2023-03,0,3103.2,2023-03,2927.51,122.86,1,2023-03,26.58,,5.42,0,18.68,25.74,"GOODYEAR,"
Greaves Cotton Ltd.,GREAVESCOT,Diesel Engines,3128.52,2,2023-03,3.39,2592.46,2023-03,2699.45,69.75,2,2023-03,40.09,,1.99,0,6.02,9.68,"GREAVESCOT,"
Gabriel India Ltd.,GABRIEL,Auto Ancillary,3118.51,1,2023-03,0,3011.06,2023-03,2971.74,132.35,1,2023-03,23.56,3.35,3.58,0,16.17,22.3,"GABRIEL,"
Subros Ltd.,SUBROS,Auto Ancillary,2716.42,2,2022-09,19.22,2629.4,2022-03,2238.64,32.2,1,2022-12,58.57,,3.2,0.03,3.98,6.63,"SUBROS,"
V.S.T. Tillers Tractors Ltd.,VSTTILLERS,Automobiles-Tractors,2629.61,1,2023-03,,2601.48,2022-03,853.86,99.31,1,2023-03,28.47,6.22,3.19,0,14.02,18.88,"VSTTILLERS,"
Gulf Oil Lubricants India Ltd.,GULFOILLUB,Lubricants,2544.73,2,2023-03,331.58,2222.07,2022-03,2191.64,211.08,2,2023-03,10.95,,2.16,0.34,20.36,21,"GULFOILLUB,"
Lumax Auto Technologies Ltd.,LUMAXTECH,Auto Ancillary,2536.49,2,2023-03,552.24,2931.94,2022-03,1507.92,82.45,2,2023-03,27.38,2.02,3.84,0.23,15.34,19.35,"LUMAXTECH,"
Sharda Motor Industries Ltd.,SHARDAMOTR,Auto Ancillary,2500.28,2,2023-03,0,2338.57,2022-03,2255.31,161.49,2,2023-03,11.96,0.73,3.29,0,32.18,43.17,"SHARDAMOTR,"
Eveready Industries India Ltd.,EVEREADY,Batteries,2483.72,2,2023-03,373.67,2850.33,2023-03,1327.73,27.62,2,2023-03,90.04,,7.79,1.17,9.06,13.49,"EVEREADY,"
Fiem Industries Ltd.,FIEMIND,Auto Ancillary,2462.01,2,2023-03,0,2278.88,2023-03,1848.06,139.88,2,2023-03,17.58,0.76,3.23,0,19.93,27.5,"FIEMIND,"
Banco Products (India) Ltd.,BANCOINDIA,Auto Ancillary,2434.85,2,2023-03,291.57,2708.09,2022-03,1958.01,152.42,2,2023-03,10.33,1.1,2.43,0.02,16.85,24.85,"BANCOINDIA,"
NRB Bearings Ltd.,NRBBEARING,Bearings,2418.22,2,2023-03,322.05,2657.21,2022-03,944.21,75.61,2,2023-03,26.02,3.11,3.61,0.5,13.67,14.5,"NRBBEARING,"
Swaraj Engines Ltd.,SWARAJENG,Diesel Engines,2417.1,1,2023-03,0,2308.03,2023-03,1421.82,133.61,1,2023-06,17.91,1.66,7.07,0,41.27,55.51,"SWARAJENG,"
TVS Srichakra Ltd.,TVSSRICHAK,Tyres & Allied,2398.92,2,2023-03,662.07,3045.43,2022-03,2528.2,43.32,2,2023-03,30.7,,2.32,0.63,4.83,7.16,"TVSSRICHAK,"
CarTrade Tech Ltd.,CARTRADE,Automobiles - Dealers & Distributors,2374.79,2,2023-03,,2346.93,2022-03,312.72,-121.35,2,2023-03,69.85,,1.16,0,-7.17,-6.12,"CARTRADE,"
MM Forgings Ltd.,MMFL,Forgings,2373.16,2,2023-03,755.9,2910.46,2023-03,1461.88,127.94,2,2023-03,18.64,1.41,3.54,1.12,20.76,15.45,"MMFL,"
Precision Camshafts Ltd.,PRECAM,Auto Ancillary,2269.69,2,2023-03,92.88,2302.05,2023-03,1080.14,46.29,2,2023-03,49.47,573.8,3.2,0.13,6.62,8.44,"PRECAM,"
Sandhar Technologies Ltd.,SANDHAR,Auto Ancillary,2184.32,2,2023-03,547.43,2724.67,2022-03,2323.7,68.65,2,2023-03,29.94,4.68,2.37,0.6,8.25,9.32,"SANDHAR,"
GNA Axles Ltd.,GNA,Auto Ancillary,2155.13,2,2023-03,185.98,2313.89,2022-03,1270.47,88.76,2,2023-06,15.84,0.64,2.89,0.37,15.95,17.21,"GNA,"
Savita Oil Technologies Ltd.,SOTL,Lubricants,2135.2,2,2023-03,,2076.16,2022-03,2938.22,260.49,2,2023-03,9.5,0.2,1.48,0,22.45,31.69,"SOTL,"
Federal-Mogul Goetze (India) Ltd.,FMGOETZE,Auto Ancillary,2046.43,2,2023-03,,2046.43,2022-03,1342.62,58.82,2,2023-03,20.28,,2.09,0,6.93,10.09,"FMGOETZE,"
Lumax Industries Ltd.,LUMAXIND,Auto Ancillary,1982.89,2,2023-03,381.66,2357.19,2022-03,1751.31,34.05,2,2023-03,19.27,15.38,3.4,0.74,7.15,8.4,"LUMAXIND,"
Tide Water Oil Company (India) Ltd.,TIDEWATER,Lubricants,1901.74,2,2023-03,4.41,1742.7,2023-03,1853.8,114.49,2,2023-03,16.63,11.94,2.49,0.01,15.44,19.79,"TIDEWATER,"
Wheels India Ltd.,WHEELS,Auto Ancillary,1838.65,2,2023-03,764.41,2598.42,2023-03,4651.15,54.15,2,2023-03,31.5,,2.39,1,7.23,11.06,"WHEELS,"
Panama Petrochem Ltd.,PANAMAPET,Lubricants,1762.48,2,2023-03,,1540.72,2022-03,2132.35,230.34,2,2023-06,8.23,0.21,1.85,0.04,34.66,41.19,"PANAMAPET,"
RACL Geartech Ltd.,520073,Auto Ancillary,1531.58,2,2023-03,201.26,1730.09,2022-03,271.22,23.91,2,2023-03,40.91,,9.14,1.24,19.97,17.74,"520073,"
SML Isuzu Ltd.,SMLISUZU,Automobiles-Trucks/Lcv,1510.91,1,2023-03,258.11,1763.18,2022-03,924.17,-99.76,1,2023-03,76.19,,8.49,1.8,-47.84,-16.4,"SMLISUZU,"
Rico Auto Industries Ltd.,RICOAUTO,Auto Ancillary,1334.59,2,2023-03,729.45,2028.36,2022-03,1859.77,23.77,2,2023-03,26.16,,1.94,0.9,3.84,6.82,"RICOAUTO,"
Jay Bharat Maruti Ltd.,JAYBARMARU,Auto Ancillary,1329.74,2,2023-03,330.97,1654.37,2022-03,2078.38,28.14,2,2023-03,35.02,,2.61,0.79,6.09,9.11,"JAYBARMARU,"
Alicon Castalloy Ltd.,ALICON,Castings/Forgings,1326.17,2,2023-03,300.86,1615.07,2022-03,1078.05,24.18,2,2023-06,26.5,,2.67,0.58,6.38,9.12,"ALICON,"
Sterling Tools Ltd.,STERTOOLS,Fasteners,1256.88,2,2023-03,132.57,1334.58,2022-03,509.58,25.54,2,2023-03,26.3,,3.15,0.31,7.43,9.24,"STERTOOLS,"
India Nippon Electricals Ltd.,INDNIPPON,Auto Ancillary,1086.73,2,2023-03,,1063.91,2022-03,566.27,49.22,2,2023-03,22.53,2.1,1.94,0,10.31,12.7,"INDNIPPON,"
Talbros Automotive Components Ltd.,TALBROAUTO,Auto Ancillary,1053.39,2,2023-03,86.84,1132.12,2022-03,577.24,44.89,2,2023-03,18.89,0.64,2.86,0.29,16.34,18.38,"TALBROAUTO,"
Rane (Madras) Ltd.,RML,Auto Ancillary,1041.14,2,2023-03,658.12,1670.69,2023-03,2354.44,30.02,2,2023-06,55.22,4.82,4.58,2.72,12.78,10.94,"RML,"
Steelcast Ltd.,STEELCAS,Castings/Forgings,1004.61,1,2023-03,23.65,1024.81,2023-03,476.83,70.52,1,2023-03,14.24,0.52,4.67,0.11,37.94,42.49,"STEELCAS,"
Wardwizard Innovations & Mobility Ltd.,538970,Automobile Two & Three Wheelers,993.7,1,2023-03,12,1005.71,2022-03,184.56,8.48,2,2023-03,112.26,0.34,11.25,0,19.05,26.94,"538970,"
Atul Auto Ltd.,ATULAUTO,Automobile Two & Three Wheelers,947.99,2,2023-03,170.51,1112.93,2022-03,315.32,-25.48,2,2023-03,236.41,,2.42,0.68,-8.84,-6.32,"ATULAUTO,"
Enkei Wheels (India) Ltd.,533477,Auto Ancillary,940,1,2022-12,161.49,1094.76,2022-12,663.49,3.71,1,2023-03,0,,4.34,0.73,1.73,6.66,"533477,"
Nelcast Ltd.,NELCAST,Castings/Forgings,920.47,2,2023-03,303.68,1119.26,2023-03,1263.97,29.74,2,2023-03,31.38,,1.97,0.65,6.53,9.58,"NELCAST,"
Automobile Corporation of Goa Ltd.,505036,Auto Ancillary,829.57,1,2023-03,71.83,871.35,2023-03,506.21,27.85,1,2023-06,27.97,4.75,4.07,0.37,15.36,15.61,"505036,"
IST Ltd.,508807,Auto Ancillary,813.46,2,2023-03,10,793.75,2022-03,125.23,96.57,2,2023-03,9.98,4.34,0.73,0.01,9.87,13.6,"508807,"
The Hi-Tech Gears Ltd.,HITECHGEAR,Auto Ancillary,768.08,2,2023-03,433.23,1121.47,2022-03,970.64,-1.1,2,2023-03,33.17,,2.16,1.42,-0.34,4.82,"HITECHGEAR,"
Menon Bearings Ltd.,MENONBE,Bearings,747.57,2,2023-03,14.64,749.05,2023-03,219.36,32.6,2,2023-03,22.89,,5.31,0.11,44.13,47.99,"MENONBE,"
ZF Steering Gear (India) Ltd.,505163,Auto Ancillary,740.11,1,2023-03,38.24,777.76,2022-03,312.8,18.27,2,2023-06,23.57,,1.72,0.07,4.73,7.27,"505163,"
Automotive Stampings and Assemblies Ltd.,ASAL,Auto Ancillary,626.56,1,2023-03,46,669.65,2023-03,828.23,8.33,1,2023-03,75.26,4.47,-22.92,-1.68,0,163.11,"ASAL,"
Munjal Showa Ltd.,MUNJALSHOW,Auto Ancillary,588.13,1,2023-03,0,582.09,2023-03,1240.54,31.9,1,2023-03,18.43,,0.9,0,4.95,6.58,"MUNJALSHOW,"
Rane Brake Lining Ltd.,RBL,Auto Ancillary,573.98,1,2023-03,0,566.87,2023-03,598.8,33.46,1,2023-06,17.47,,2.15,0,13.28,17.71,"RBL,"
Hindustan Composites Ltd.,HINDCOMPOS,Auto Ancillary,569.05,2,2023-03,1.01,568.53,2022-03,232.64,21.6,2,2023-03,20.94,,0.62,0,2.49,2.86,"HINDCOMPOS,"
Munjal Auto Industries Ltd.,MUNJALAU,Auto Ancillary,560.8,2,2023-03,97.78,645.62,2022-03,1915.68,29.61,2,2023-03,10,,1.46,0.27,9.14,12.3,"MUNJALAU,"
NDR Auto Components Ltd.,543214,Auto Ancillary,518.76,2,2023-03,1.85,469.07,2023-03,392.78,28.11,2,2023-03,18.49,,2.32,0.01,13.74,17.91,"543214,"
Sar Auto Products Ltd.,538992,Auto Ancillary,514.59,1,2023-03,6.95,513.83,2022-03,10.69,1.13,1,2023-03,834.02,27.57,32.69,0.35,7.74,6.81,"538992,"
High Energy Batteries (India) Ltd.,504176,Batteries,491.89,1,2023-03,20.85,510.92,2023-03,92.83,20.5,1,2023-06,20.51,0.46,6.19,0.28,31.73,35.1,"504176,"
Mercury Ev-Tech Ltd.,531357,Automobiles - Passenger Cars,463.56,1,2023-03,22.29,485.85,2022-03,1.18,0.23,1,2023-03,526.17,13.48,9.34,0,18.68,25.55,"531357,"
Galaxy Bearings Ltd.,526073,Bearings,440.64,1,2023-03,4.06,444.7,2022-03,104.09,13.29,1,2023-03,27.63,0.79,5.92,0.06,25.56,33.07,"526073,"
Bharat Seats Ltd.,523229,Auto Ancillary,413.38,1,2023-03,59.85,472.03,2023-03,1051.04,21.55,1,2023-03,19.19,,2.82,0.41,15.76,17.95,"523229,"
Indo-National Ltd.,NIPPOBATRY,Batteries,342.07,2,2023-03,131.69,450.39,2022-03,570.18,13.4,2,2023-03,0,,1.46,0.52,5.56,8.69,"NIPPOBATRY,"
Sintercom India Ltd.,SINTERCOM,Auto Ancillary,341.9,1,2023-03,28.02,369.2,2022-03,59.89,-3.84,1,2023-03,0,,3.48,0.27,-4.11,-0.95,"SINTERCOM,"
Hilton Metal Forging Ltd.,HILTON,Forgings,339.78,1,2023-03,52.88,391.54,2023-03,104.83,5.86,1,2023-03,58,0.68,3.81,0.59,8.75,10.03,"HILTON,"
Talbros Engineering Ltd.,538987,Auto Ancillary,335.07,1,2023-03,101.22,436.1,2022-03,351.14,22.1,1,2023-03,12,0.46,2.81,1.06,27,22.34,"538987,"
Shivam Autotech Ltd.,SHIVAMAUTO,Auto Ancillary,328.78,1,2022-09,366.82,695.27,2022-03,469.2,-16.06,1,2022-12,0,,2.87,2.75,-12.77,6.21,"SHIVAMAUTO,"
Autoline Industries Ltd.,AUTOIND,Auto Ancillary,318.72,2,2023-03,170.19,484.41,2022-03,568.43,7.69,2,2023-03,28.66,1.84,4.3,4.02,19.34,13.02,"AUTOIND,"
UCAL Ltd.,UCAL,Auto Ancillary,316.45,2,2023-03,199.37,514.31,2022-03,782.3,34.89,2,2023-03,369.42,,0.8,0.56,9.3,10.01,"UCAL,"
SKP Bearing Industries Ltd.,SKP,Bearings,310.42,1,2023-03,4,314.43,2022-03,9.68,3.64,1,2023-03,23.42,,6.66,1.06,19.9,13.36,"SKP,"
Jay Ushin Ltd.,513252,Auto Ancillary,298.94,1,2023-03,96.62,395.06,2022-03,654.34,11.94,1,2023-03,22.47,0.93,3.1,1.18,15.11,15.13,"513252,"
PPAP Automotive Ltd.,PPAP,Auto Ancillary,293.44,2,2023-03,150.78,443.28,2022-03,421.92,2.7,2,2023-03,0,,1,0.36,0.89,2.75,"PPAP,"
Hindustan Motors Ltd.,HINDMOTORS,Automobiles - Passenger Cars,293.17,1,2023-03,,293.17,2022-03,,18.65,1,2023-03,0,0,-18.02,-1.1,0,0,"HINDMOTORS,"
Menon Pistons Ltd.,531727,Auto Ancillary,286.47,2,2023-03,11.52,291.7,2023-03,251.47,23.34,2,2023-03,12.24,,2.43,0.1,21.78,29.76,"531727,"
Uravi T And Wedge Lamps Ltd.,URAVI,Auto Ancillary,286,1,2023-03,22.59,307.25,2022-03,31.35,0.73,1,2023-03,329.87,,12.21,1,3.32,7.37,"URAVI,"
Synergy Green Industries Ltd.,SGIL,Castings/Forgings,282.88,1,2023-03,72.95,349.76,2023-03,289.71,0.87,1,2023-03,326.2,,8.06,1.59,2.5,12.55,"SGIL,"
Scooters India Ltd.,505141,Automobile Two & Three Wheelers,261.64,1,2023-03,57,252.26,2022-03,,7.58,1,2023-03,342.46,14.77,29.58,7.05,176.66,21.47,"505141,"
Panasonic Energy India Company Ltd.,504093,Batteries,247.69,1,2023-03,0,233.39,2023-03,253.29,-10.64,1,2023-03,0,,2.7,0,-10.62,-13.82,"504093,"
Kinetic Engineering Ltd.,500240,Auto Ancillary,247.06,1,2023-03,52.76,298.7,2022-03,121.56,1.36,1,2023-03,78.93,4.92,8.6,5.6,0,9.95,"500240,"
Nitin Castings Ltd.,508875,Castings/Forgings,240.1,1,2023-03,9.86,248.76,2023-03,133.38,4.89,1,2023-03,49.08,1.16,4.01,0.16,8.5,13.5,"508875,"
Uni Abex Alloy Products Ltd.,504605,Castings/Forgings,234.16,1,2023-03,10.85,222.62,2022-03,136.67,12.3,1,2023-03,12.64,0.45,2.87,0.18,20.26,25.17,"504605,"
Rane Engine Valve Ltd.,RANEENGINE,Auto Ancillary,228.61,1,2023-03,136.43,357.05,2023-03,497.57,-0.06,1,2023-06,47.73,2.51,2.07,1.32,-0.06,4.6,"RANEENGINE,"
Investment & Precision Castings Ltd.,504786,Castings/Forgings,220.1,2,2023-03,64.84,283.6,2022-03,132.03,0.17,2,2023-03,39.86,,2.83,0.88,0.23,4.82,"504786,"
Shigan Quantum Technologies Ltd.,SHIGAN,Auto Ancillary,217.85,1,2023-03,35.03,252.88,2022-03,242.05,9.87,1,2023-03,56.41,1.54,4.07,0.45,29.54,31.78,"SHIGAN,"
LGB Forge Ltd.,LGBFORGE,Forgings,214.38,1,2023-03,26.03,240.1,2022-03,130.06,3.44,1,2023-03,0,0,7.25,0.3,9.32,12.31,"LGBFORGE,"
GP Petroleums Ltd.,GULFPETRO,Lubricants,205.57,1,2023-03,19.34,224.91,2022-03,717.54,18.94,1,2023-03,8.16,,0.74,0.13,7.82,8.58,"GULFPETRO,"
Magna Electro Castings Ltd.,517449,Castings/Forgings,204.3,1,2023-03,0,182.27,2023-03,164.64,17.12,1,2023-03,11.93,0.59,2.17,0,19.83,26.42,"517449,"
Bharat Gears Ltd.,BHARATGEAR,Auto Ancillary,202.07,1,2023-03,103.02,298.49,2022-03,729.44,25.84,1,2023-03,14.98,0.2,1.68,0.93,28.39,26.63,"BHARATGEAR,"
Bimetal Bearings Ltd.,505681,Bearings,196.99,2,2023-03,5.17,199.68,2023-03,229.31,11.14,1,2023-03,20.36,,0.98,0.03,5.58,7.52,"505681,"
Sundaram Brake Linings Ltd.,SUNDRMBRAK,Auto Ancillary,169.09,1,2023-03,49.97,218.81,2023-03,354.84,-4.78,1,2023-03,0,,1.98,0.59,-5.43,-0.57,"SUNDRMBRAK,"
IP Rings Ltd.,523638,Auto Ancillary,167.19,2,2023-03,95.92,257.15,2023-03,323.3,1.67,2,2023-03,100.25,,1.51,0.86,1.5,6.18,"523638,"
Universal Auto Foundry Ltd.,539314,Castings/Forgings,167.09,1,2023-03,54.7,196.09,2023-03,236.18,10.49,1,2023-03,15.93,0.89,2.88,0.94,26.26,20.74,"539314,"
Remsons Industries Ltd.,REMSONSIND,Auto Ancillary,164.63,2,2023-03,77,226.22,2022-03,286.45,5.36,2,2023-03,19.94,,3.95,2.09,16.69,13.7,"REMSONSIND,"
Samrat Forgings Ltd.,543229,Forgings,155,1,2023-03,59.45,212.87,2022-03,139.49,3.56,1,2023-03,31.72,0.66,5.44,1.98,16.46,15.23,"543229,"
Vishal Bearings Ltd.,539398,Bearings,152.37,1,2023-03,44.64,196.59,2022-03,108.17,6.76,1,2023-03,19.01,0.36,4.57,1.73,30.57,20.83,"539398,"
Samkrg Pistons & Rings Ltd.,520075,Auto Ancillary,151.14,1,2023-03,18.4,169.54,2022-03,237.37,13.88,1,2023-03,10.29,,0.85,0.11,8.22,11.49,"520075,"
Goldstar Power Ltd.,GOLDSTAR,Batteries,131.18,1,2023-03,13.15,144.33,2022-03,42.91,0.71,1,2023-03,35.19,9.62,4.53,0.86,3.54,6.5,"GOLDSTAR,"
Bhagwati Autocast Ltd.,504646,Castings/Forgings,128.69,1,2023-03,10.8,136.44,2022-03,112.17,-0.96,1,2023-03,16.67,,3.74,0.68,-3.46,-1.88,"504646,"
SNL Bearings Ltd.,505827,Bearings,127.58,1,2023-03,0.06,118.82,2022-03,43.51,8.83,1,2023-03,15.6,2.62,2.36,0,19.77,26.33,"505827,"
Omax Autos Ltd.,OMAXAUTO,Auto Ancillary,107.37,1,2023-03,113.58,190.92,2022-03,222.2,23.46,1,2023-06,0,,0.38,0.44,7.86,10.74,"OMAXAUTO,"
Machino Plastics Ltd.,523248,Auto Ancillary,104.02,1,2023-03,87.49,189.11,2022-03,265.35,-2.48,1,2023-03,65.26,,2.53,2.37,-6.08,2.17,"523248,"
Captain Technocast Ltd.,540652,Castings/Forgings,100.06,2,2023-03,9.64,109.7,2022-03,50.49,2.82,1,2023-03,35.03,,5.73,0.48,17.43,17.64,"540652,"
Kalyani Forge Ltd.,KALYANIFRG,Forgings,99.46,1,2023-03,38.19,132.19,2022-03,246.5,3.13,1,2023-03,27.58,,0.94,0.26,3.08,5.95,"KALYANIFRG,"
Kranti Industries Ltd.,542459,Auto Ancillary,99.19,2,2023-03,29.74,128.93,2022-03,93.72,2.19,2,2023-03,18.72,0.55,4.4,1.08,10.36,11.04,"542459,"
Sal Automotive Ltd.,539353,Auto Ancillary,96.86,1,2023-03,36,132.86,2022-03,150.58,-2.33,1,2023-03,20.61,,2.77,0.89,-7.28,-3.68,"539353,"
Him Teknoforge Ltd.,505712,Auto Ancillary,91.52,1,2023-03,147.73,236.92,2022-03,351.65,8.83,1,2023-03,8.57,5.7,0.53,0.93,5.57,9.56,"505712,"
Setco Automotive Ltd.,SETCO,Auto Ancillary,91.23,2,2023-03,872.71,946.74,2022-03,435,-257.48,2,2023-03,0,,-0.23,-3.67,0,-29.38,"SETCO,"
National Fittings Ltd.,531289,Castings/Forgings,85.97,1,2023-03,20.25,95.58,2023-03,86.02,4.39,1,2023-03,19.58,,1.56,0.37,8.24,10.51,"531289,"
Tirupati Forge Ltd.,TIRUPATIFL,Forgings,81.83,1,2023-03,9.17,91,2022-03,88.24,6.22,1,2023-03,8.68,0.13,2.26,0.37,26.16,28.43,"TIRUPATIFL,"
Creative Castings Ltd.,539527,Castings/Forgings,76.7,1,2023-03,0.12,76.82,2022-03,41.7,3.28,1,2023-03,16.02,3.69,2.2,0,10.98,14.13,"539527,"
Gujarat Intrux Ltd.,517372,Castings/Forgings,74.15,1,2023-03,0,54.01,2022-03,42.48,3.05,1,2023-06,13.21,0.41,1.28,0,5.82,8.41,"517372,"
Ganga Forging Ltd.,GANGAFORGE,Forgings,69.94,1,2023-03,14.3,84.23,2022-03,28.66,1.03,1,2023-03,42.21,,5.24,1.01,9.31,13.14,"GANGAFORGE,"
Viaz Tyres Ltd.,VIAZ,Tyres & Allied,64.62,1,2023-03,10.87,75.49,2022-03,29.2,1.47,1,2023-03,32.01,,1.92,3.12,25.91,12.52,"VIAZ,"
Austin Engineering Company Ltd.,522005,Bearings,64.1,2,2023-03,0,64.1,2022-03,90.88,1.67,2,2023-03,14.69,0.71,1.11,0.07,3.2,3.99,"522005,"
SM Auto Stamping Ltd.,543065,Auto Ancillary,63.42,2,2023-03,7.32,70.74,2022-03,54.53,3.64,1,2023-03,20.54,,4.12,0.49,22.48,17.5,"543065,"
Birla Tyres Ltd.,BIRLATYRE,Tyres & Allied,62.17,1,2022-09,1153.49,1214.52,2022-03,5.42,-655.67,1,2022-12,0,,-0.05,-0.93,0,-288.09,"BIRLATYRE,"
Hindustan Hardy Ltd.,505893,Auto Ancillary,61.44,1,2023-03,3.84,62.96,2022-03,62.58,3.68,1,2023-03,16.01,0.35,3.31,0.43,27.82,29.24,"505893,"
Simmonds Marshall Ltd.,507998,Fasteners,58.24,2,2023-03,47.31,105.22,2022-03,157.34,-4.88,2,2023-03,0,,1.82,1.49,-13.03,4.32,"507998,"
Welcast Steels Ltd.,504988,Castings/Forgings,55.9,1,2023-03,,54.86,2022-03,85.97,-0.49,1,2023-03,21.18,,1.58,0.09,-1.51,-0.86,"504988,"
NRB Industrial Bearings Ltd.,NIBL,Bearings,55.51,2,2023-03,111.95,166.84,2023-03,80.73,-13.12,2,2023-03,0,0,-3.06,-6.18,0,-3.38,"NIBL,"
Krishanveer Forge Ltd.,513369,Forgings,54.86,1,2023-03,-1.55,52.5,2022-03,67.22,3.76,1,2023-03,33.33,1.35,1.56,0.16,11.84,17.47,"513369,"
Pattech Fitwell Tube Components Ltd.,PATTECH,Forgings,48.17,1,,,48.17,-0,,,1,2023-03,99.12,,6.21,,,,"PATTECH,"
Jagan Lamps Ltd.,530711,Auto Ancillary,47.1,1,2023-03,5.87,51.52,2022-03,44.7,2.39,1,2023-03,17.68,0.51,1.72,0.18,10.19,13.03,"530711,"
Rasandik Engineering Industries India Ltd.,522207,Auto Ancillary,46,1,2023-03,76.35,121.93,2023-03,150.02,-3.3,1,2023-03,0,,0.49,0.82,-3.49,3.43,"522207,"
Pritika Engineering Components Ltd.,PRITIKA,Auto Ancillary,41.9,1,2023-03,28.88,69.58,2022-03,53.61,5.46,1,2023-03,11.85,,1.61,1.52,37.48,21.17,"PRITIKA,"
Porwal Auto Components Ltd.,532933,Auto Ancillary,39.17,1,2023-03,5.17,44.24,2022-03,107.13,-0.16,1,2023-03,0,,0.66,0.25,-0.27,-1.08,"532933,"
Auto Pins (India) Ltd.,531994,Auto Ancillary,38.98,1,2023-03,2.57,41.55,2022-03,35.79,0.64,1,2023-03,46.07,1.55,5.41,0.39,10.32,8.14,"531994,"
Krypton Industries Ltd.,523550,Tyres & Allied,36.29,2,2023-03,14.55,49.05,2022-03,43.6,0.69,2,2023-03,35.51,,1.17,0.37,2.32,7.35,"523550,"
Smiths & Founders (India) Ltd.,513418,Forgings,35.9,1,2022-09,2.67,38.31,2022-03,11.03,1.45,1,2023-03,147.75,2.81,2.21,0.98,66.48,30.18,"513418,"
Simplex Castings Ltd.,513472,Castings/Forgings,31.14,1,2023-03,65.63,92.13,2022-03,91.84,1.52,1,2023-03,0,,1.02,1.41,3.27,9.21,"513472,"
Bombay Cycle & Motor Agency Ltd.,501430,Automobile Two & Three Wheelers,28.6,2,2023-03,0.68,28.47,2023-03,8.63,2.27,2,2023-03,16.02,,1.17,0.03,9.61,12.57,"501430,"
GS Auto International Ltd.,513059,Auto Ancillary,26.07,1,2023-03,36.69,61.78,2022-03,100.13,-3.13,1,2023-03,0,0,1.23,1.52,-12.22,5.99,"513059,"
Benara Bearings And Pistons Ltd.,541178,Bearings,25.23,2,2023-03,61.45,86.69,2022-03,25.93,-14.35,1,2023-03,0,,1.13,2.15,-38.5,-15.11,"541178,"
ASL Industries Ltd.,ASLIND,Auto Ancillary,25.21,1,2023-03,,25.21,2022-03,8.2,1.51,1,2023-03,15.47,0.65,0.76,0,4.69,6.05,"ASLIND,"
EL Forge Ltd.,531144,Forgings,20.32,1,2023-03,12.11,32.44,2022-03,40.34,-3.97,1,2023-03,0,0,-0.33,-0.29,0,0,"531144,"
Vaksons Automobiles Ltd.,539402,Automobiles - Dealers & Distributors,19.22,2,2023-03,5,24.22,2022-03,0.98,0.01,2,2023-03,0,,3.84,0.53,0.12,0.56,"539402,"
Sibar Auto Parts Ltd.,520141,Auto Ancillary,14.11,1,2023-03,2.51,16.62,2022-03,21.89,0.12,1,2023-03,243.32,5.43,1.27,0.47,1.11,4.43,"520141,"
Metalyst Forgings Ltd.,METALFORGE,Forgings,12.63,1,2022-09,1645.09,1644.78,2022-03,230.69,-252.47,1,2022-09,0,,-0.01,-1.7,0,-14.99,"METALFORGE,"
Deccan Bearings Ltd.,505703,Bearings,11.03,1,2023-03,0,10.96,2023-03,0.01,-0.42,1,2023-03,0,0,26.64,0,-65.73,-65.7,"505703,"
Amforge Industries Ltd.,513117,Auto Ancillary,8.79,1,2023-03,1.71,10.5,2022-03,,1.62,1,2023-06,50.52,3.16,0.7,0.17,14.12,6.25,"513117,"
Galaxy Agrico Exports Ltd.,531911,Bearings,6.53,1,2023-03,1.06,7.3,2022-03,6.9,0.63,1,2023-03,0,0,1.89,0.17,18.04,14.14,"531911,"
Govind Rubber Ltd.,509148,Tyres & Allied,6.07,1,2020-03,24.14,25.08,2020-03,0.41,163.44,1,2020-03,0.04,0,,0.49,0,449.98,"509148,"
Lakshmi Precision Screws Ltd.,LAKPRE,Fasteners,5.35,1,2017-03,260.74,260.87,2017-03,258.69,-40.97,1,2017-12,0,,,11.16,-93.43,-0.14,"LAKPRE,"
Innovative Tyres & Tubes Ltd.,INNOVATIVE,Tyres & Allied,4.59,1,2023-03,38.01,42.59,2022-03,51.57,-58.94,1,2023-03,0,,3.21,26.29,-190.74,-90.66,"INNOVATIVE,"
Spectra Industries Ltd.,513687,Auto Ancillary,4.42,1,2023-03,53.65,58.08,2022-03,,-5.94,1,2023-03,0,,-0.08,-0.77,0,0,"513687,"
Hindusthan Udyog Ltd.,513039,Castings/Forgings,2.27,2,2023-03,33.54,26.95,2022-03,7.7,-3.46,2,2021-09,0.06,,,0.01,-1.11,-0.93,"513039,"
Justride Enterprises Ltd.,531035,Auto Ancillary,1.87,1,2023-03,0.73,2.58,2023-03,0.2,0.08,1,2023-06,11.61,0.59,-3.25,-1.14,0,0,"531035,"
Carnation Industries Ltd.,530609,Castings/Forgings,1.58,1,2023-03,1.75,3.31,2022-03,,-0.17,1,2023-03,0,,-0.75,-1.32,0,32.06,"530609,"
India Radiators Ltd.,505100,Auto Ancillary,0.4,1,2023-03,,0.4,2022-03,0.05,4.9,1,2023-03,0,0,-0.09,0,0,0,"505100,"
