Sector: Capital Goods,
Date: 29-Jul-2023,
Note:- Statement: 1 = Standalone and 2 = Consolidated,
Generated by and for: anjanr@wealthwisers.in,

Stock Name,Symbol,Industry,Market Cap(Rs. Cr.),Statement,Period Ending,Total Debt(Rs. Cr.),Enterprise Value(Rs. Cr.),Year Ending,Net Sales (Rs. Cr.),Profit After Tax(Rs. Cr.),TTM Statement,TTM Ending,Price Earning Ratio(TTM),"PEG Ratio ",Price To Book Value(TTM),Debt Equity Ratio,Return On Equity(%),Return On Capital Employed(%),Symbol with Comma for External Upload
Siemens Ltd.,SIEMENS,Electric Equipment,137337.78,2,2023-03,,131283.38,2022-09,16137.8,1261.9,2,2023-03,72.81,3.3,11.38,0,11.49,16.2,"SIEMENS,"
ABB India Ltd.,ABB,Electric Equipment,95708.42,1,2022-12,0,92559.34,2022-12,8567.53,1025.61,1,2023-03,106.27,4.26,18.46,0,22.83,30.68,"ABB,"
Bharat Electronics Ltd.,BEL,Engineering - Industrial Equipments,95063.67,2,2023-03,,95063.67,2022-03,15368.18,2354.46,2,2023-06,30.11,3.17,6.61,0,20.17,27.2,"BEL,"
Havells India Ltd.,HAVELLS,Electric Equipment,82996.75,2,2023-03,0,81126.58,2023-03,16910.73,1071.73,2,2023-06,74.23,7.82,11.98,0,16.98,23.07,"HAVELLS,"
CG Power and Industrial Solutions Ltd.,CGPOWER,Electric Equipment,61646.73,2,2023-03,0,60932.77,2023-03,6972.54,796.33,2,2023-06,59.47,2.06,31.09,0,57.55,65.51,"CGPOWER,"
Bharat Heavy Electricals Ltd.,BHEL,Engineering - Industrial Equipments,35903.56,2,2023-03,5385,34645.98,2022-03,21211.09,444.71,2,2023-03,75.21,,1.34,0.18,1.69,2.96,"BHEL,"
Thermax Ltd.,THERMAX,Engineering - Industrial Equipments,29997,2,2023-03,810.54,29675.96,2023-03,8089.81,450.7,2,2023-03,66.42,4.69,7.73,0.21,12.25,15.03,"THERMAX,"
Suzlon Energy Ltd.,SUZLON,Electric Equipment,22538.87,2,2023-03,1904.88,24076.44,2022-03,6581.78,-166.19,2,2023-06,43.63,,4.9,-1.7,0,23.04,"SUZLON,"
Elgi Equipments Ltd.,ELGIEQUIP,Compressors / Pumps,17171.72,2,2023-03,505.94,17326.64,2023-03,3040.7,370.81,2,2023-03,46.31,2.1,12.54,0.37,30.89,32.59,"ELGIEQUIP,"
Hitachi Energy India Ltd.,POWERINDIA,Electric Equipment,16758.14,1,2023-03,275,16869.85,2023-03,4468.51,93.9,1,2023-06,176.46,,13.76,0.23,8,13.46,"POWERINDIA,"
Apar Industries Ltd.,APARINDS,Electric Equipment,14787.38,2,2023-03,304.16,14561.44,2023-03,14352.15,637.72,2,2023-06,20.75,0.6,6.61,0.14,32.28,52.72,"APARINDS,"
RHI Magnesita India Ltd.,RHIM,Refractories,13010.62,2,2023-03,1492.65,14177.19,2022-03,1995.14,269,2,2023-03,0,,3.43,0.06,29.39,37.03,"RHIM,"
Triveni Turbine Ltd.,TRITURBINE,Engineering - Industrial Equipments,12675.34,2,2023-03,0,12390.4,2022-03,852.24,274.44,2,2023-03,65.93,,16.7,0,36.73,49.74,"TRITURBINE,"
V-Guard Industries Ltd.,VGUARD,Electric Equipment,12409.75,2,2023-03,419.61,12762.48,2022-03,3498.17,228.44,2,2023-03,65.71,6.91,7.73,0.01,17.91,22.84,"VGUARD,"
Rites Ltd.,RITES,Engineering,10987.8,2,2023-03,,7539.29,2022-03,2661.83,537.86,2,2023-06,21.44,2.26,4.22,0.01,22.04,30.04,"RITES,"
Craftsman Automation Ltd.,CRAFTSMAN,Engineering - Industrial Equipments,9874.63,2,2023-03,1152.72,10980.01,2023-03,3182.6,250.96,2,2023-06,37.09,0.74,6.77,0.84,19.98,21.69,"CRAFTSMAN,"
Ingersoll-Rand (India) Ltd.,INGERRAND,Compressors / Pumps,9150.46,1,2023-03,0,8875.23,2023-03,1150.79,182.64,1,2023-03,50.1,3.23,15.83,0,32.33,44.02,"INGERRAND,"
Engineers India Ltd.,ENGINERSIN,Engineering,8680.74,2,2023-03,,7584.39,2022-03,2912.01,342.89,2,2023-03,25.07,,4.43,0,19.48,25.69,"ENGINERSIN,"
Action Construction Equipment Ltd.,ACE,Engineering - Industrial Equipments,8251.87,2,2023-03,6.2,8209.12,2022-03,1629.58,105,2,2023-03,48.08,0.91,8.98,0.01,16.44,22.56,"ACE,"
Graphite India Ltd.,GRAPHITE,Electrodes & Welding Equipment,8244.85,2,2023-03,424.66,8578.75,2023-03,3180.92,199.05,2,2023-03,41.36,,1.66,0.09,4.02,6.23,"GRAPHITE,"
Elecon Engineering Company Ltd.,ELECON,Engineering - Industrial Equipments,8238.28,2,2023-03,0,8027.91,2023-03,1529.68,237.49,2,2023-06,30.72,0.31,6.1,0,20.39,25.82,"ELECON,"
KSB Ltd.,KSB,Engineering - Industrial Equipments,7746.14,2,2022-12,0,7485.13,2022-12,1821.96,182.74,2,2023-03,42.4,2.03,6.57,0,16.97,23.34,"KSB,"
Praj Industries Ltd.,PRAJIND,Engineering - Industrial Equipments,7661.75,2,2023-03,0,7516.93,2023-03,3581.76,239.82,2,2023-06,29.79,0.69,6.76,0,24.13,32.44,"PRAJIND,"
Ion Exchange (India) Ltd.,IONEXCHANG,Engineering - Industrial Equipments,7644.26,2,2023-03,52.49,7148.78,2022-03,1576.87,161.27,2,2023-06,37.79,0.95,8.8,0.07,27.77,36.41,"IONEXCHANG,"
BEML Ltd.,BEML,Engineering - Industrial Equipments,7562.02,2,2023-03,370.84,7893.51,2022-03,4337.49,128.59,2,2023-03,47.91,5.49,3.12,0.35,5.63,8.91,"BEML,"
Esab India Ltd.,ESABINDIA,Electrodes & Welding Equipment,7405.35,1,2023-03,0,7348.9,2023-03,1104.38,135.68,1,2023-03,54.58,1.93,28.45,0,53.79,72.47,"ESABINDIA,"
Vesuvius India Ltd.,VESUVIUS,Refractories,6882.4,1,2023-06,,6295.9,2022-12,1342.58,116.79,1,2023-06,43.2,12.77,6.4,0,12.33,16.66,"VESUVIUS,"
Inox Wind Ltd.,INOXWIND,Electric Equipment,6867.73,2,2023-03,2370.94,8967.75,2022-03,624.62,-429.8,2,2023-03,0,,3.95,0.94,-38.61,-9.88,"INOXWIND,"
GMM Pfaudler Ltd.,GMMPFAUDLR,Engineering - Industrial Equipments,6651.2,2,2023-03,796.93,7076.52,2022-03,2540.57,75.36,2,2023-03,39.9,1.81,8.27,0.96,16.16,16.37,"GMMPFAUDLR,"
Schneider Electric Infrastructure Ltd.,SCHNEIDER,Electric Equipment,6648.29,1,2023-03,466.8,7115.08,2022-03,1530.34,27.62,1,2023-03,53.78,3.19,44.01,21.93,428.41,14.14,"SCHNEIDER,"
MTAR Technologies Ltd.,MTARTECH,Engineering,6533.49,2,2023-03,143.35,6645.62,2023-03,573.75,103.42,2,2023-03,63.18,,10.54,0.23,18.15,22.45,"MTARTECH,"
HEG Ltd.,HEG,Electrodes & Welding Equipment,6511.06,2,2023-03,740.91,6561.62,2022-03,2201.61,431.04,2,2023-03,12.23,0.19,1.52,0.17,11.64,13.57,"HEG,"
Tega Industries Ltd.,TEGA,Engineering - Industrial Equipments,6487.73,2,2023-03,309.46,6747.89,2022-03,951.76,116.9,2,2023-03,35.24,0.34,6.18,0.29,17.44,19.66,"TEGA,"
Kirloskar Oil Engines Ltd.,KIRLOSENG,Engineering - Industrial Equipments,6367.77,2,2023-03,3230.35,9307.65,2023-03,5019.8,331.65,2,2023-03,19.16,1.01,2.78,1.41,15.21,13.77,"KIRLOSENG,"
GE T&D India Ltd.,GET&D,Electric Equipment,6219.37,1,2023-03,219.79,6392.36,2022-03,3065.95,-49.62,1,2023-03,0,,5.8,0.15,-4.5,-0.84,"GET&D,"
Kennametal India Ltd.,KENNAMET,Engineering,6009.73,2,2022-12,,5960.83,2022-06,990.7,114.1,1,2023-03,61.83,,8.4,0,18.55,24.77,"KENNAMET,"
Kirloskar Brothers Ltd.,KIRLOSBROS,Engineering - Industrial Equipments,5864.35,2,2023-03,252.79,5864.28,2023-03,3730.22,225.06,2,2023-03,24.93,0.67,4.17,0.18,17.44,22.03,"KIRLOSBROS,"
Shriram Pistons & Rings Ltd,SHRIPISTON,Engineering - Industrial Equipments,5675.16,2,2023-03,298.87,5327.13,2023-03,2609.33,293.88,2,2023-03,19.34,1.2,3.69,0.2,21.27,25.82,"SHRIPISTON,"
Nesco Ltd.,NESCO,Engineering - Industrial Equipments,4833.55,2,2023-03,0,4815.75,2023-03,546,290.64,2,2023-03,16.63,1.63,2.46,0,15.87,20.71,"NESCO,"
Ideaforge Technology Ltd.,IDEAFORGE,Engineering - Industrial Equipments,4789.83,2,2023-03,86.5,4869.84,2023-03,186.01,31.99,1,2022-03,87.32,,6.24,0.29,14.44,16.06,"IDEAFORGE,"
Genus Power Infrastructures Ltd.,GENUSPOWER,Engineering - Industrial Equipments,4560.19,2,2023-03,346.92,4701.01,2022-03,685.07,58.39,2,2023-03,157.39,,4.64,0.28,6.29,8.43,"GENUSPOWER,"
Voltamp Transformers Ltd.,VOLTAMP,Electric Equipment,4525.74,1,2023-03,0,4507.83,2023-03,1385.1,199.94,1,2023-03,22.64,1.02,4.09,0,19.51,25.5,"VOLTAMP,"
HLE Glascoat Ltd.,HLEGLAS,Engineering - Industrial Equipments,4374.11,2,2023-03,247.09,4604.94,2022-03,652.22,58.23,2,2023-03,62.48,,13.35,0.82,31.86,28.58,"HLEGLAS,"
Kirloskar Pneumatic Company Ltd.,KIRLPNU,Compressors / Pumps,4206.77,1,2023-03,0,4167.33,2023-03,1239.34,108.58,1,2023-06,38.16,2.27,5.19,0,15,19.99,"KIRLPNU,"
Lloyds Engineering Works Ltd.,LSIL,Engineering - Industrial Equipments,4151.52,1,2023-03,46.4,4189.85,2023-03,312.61,36.82,1,2023-03,112.74,1.41,19.15,0.25,24.09,26.84,"LSIL,"
Cyient DLM Ltd.,CYIENTDLM,Electric Equipment,4046.59,1,2023-03,314.47,4193.47,2023-03,832.03,31.73,1,2023-03,127.54,2.15,4.48,1.59,23.08,16.92,"CYIENTDLM,"
TD Power Systems Ltd.,TDPOWERSYS,Electric Equipment,4045.59,2,2023-03,0,3876.32,2023-03,872.3,96.81,2,2023-03,41.79,0.78,6.7,0,17.11,22.29,"TDPOWERSYS,"
Harsha Engineers International Ltd.,HARSHA,Engineering - Industrial Equipments,4020.51,2,2023-03,176.94,4063.86,2022-03,1321.48,91.94,2,2023-03,32.53,,3.74,0.73,19.95,18.04,"HARSHA,"
Kirloskar Industries Ltd.,KIRLOSIND,Engineering - Industrial Equipments,3410.76,2,2023-03,963.88,4172.59,2023-03,6466.02,459.53,2,2023-03,15.21,0.43,1.12,0.32,17.16,19.94,"KIRLOSIND,"
KPI Green Energy Ltd.,KPIGREEN,Engineering - Industrial Equipments,2981.96,2,2023-03,521.16,3450.72,2022-03,229.94,43.25,2,2023-03,27.2,,11.56,2.19,32.51,22.91,"KPIGREEN,"
Uniparts India Ltd.,UNIPARTS,Engineering - Industrial Equipments,2927.6,2,2023-03,17.46,2906.38,2022-03,1227.42,168.78,2,2023-03,14.29,0.32,3.52,0.19,27.32,31.37,"UNIPARTS,"
Divgi Torqtransfer Systems Ltd.,DIVGIITTS,Engineering,2724.63,1,2023-03,0.43,2413.71,2023-03,271.04,51.16,1,2023-03,53.26,3.52,4.94,0,11.48,15.53,"DIVGIITTS,"
WPIL Ltd.,505872,Compressors / Pumps,2713.78,2,2023-03,226.22,2681.11,2023-03,1784.8,220.04,2,2023-03,14.35,0.39,3.35,0.28,30.47,32.79,"505872,"
Dynamatic Technologies Ltd.,DYNAMATECH,Compressors / Pumps,2648.9,2,2023-03,618.4,3106.44,2022-03,1253.37,32.06,2,2023-03,61.84,,4.88,1.42,8.55,11.06,"DYNAMATECH,"
Sanghvi Movers Ltd.,SANGHVIMOV,Engineering - Industrial Equipments,2644.03,2,2023-03,182.77,2805.38,2023-03,455.78,112.06,2,2023-03,23.6,,3.14,0.22,14.22,17.2,"SANGHVIMOV,"
Honda India Power Products Ltd.,HONDAPOWER,Electric Equipment,2199.83,1,2023-03,0,1731.36,2023-03,1246.29,85.09,1,2023-03,25.85,2.39,2.99,0,12.1,16.5,"HONDAPOWER,"
Bharat Bijlee Ltd.,BBL,Electric Equipment,2123.66,1,2023-03,287.46,2395.03,2022-03,1265.74,55.58,1,2023-06,23.03,0.74,1.51,0.25,5.3,7.57,"BBL,"
Inox Green Energy Services Ltd.,INOXGREEN,Engineering,2045.55,2,2023-03,595.01,2592.64,2022-03,172.17,-4.95,2,2023-03,0,,1.8,1.12,-1.21,3.17,"INOXGREEN,"
The Anup Engineering Ltd.,ANUP,Engineering - Industrial Equipments,1984.4,2,2023-03,34.34,1986.14,2023-03,411.34,51.43,2,2023-06,30.96,,4.6,0.08,12.41,16.77,"ANUP,"
Servotech Power Systems Ltd.,SERVOTECH,Electric Equipment,1933.03,2,2023-03,42.3,1959.08,2022-03,143.67,4.06,2,2023-06,130.69,,22.58,0.42,9.47,12.37,"SERVOTECH,"
Skipper Ltd.,SKIPPER,Engineering - Industrial Equipments,1802.38,2,2023-03,484.02,2255.31,2022-03,1707.08,28.61,2,2023-03,50.68,,2.35,0.77,3.97,10.13,"SKIPPER,"
Ador Welding Ltd.,ADORWELD,Electrodes & Welding Equipment,1714.9,2,2023-03,15.86,1723.87,2022-03,661.48,45.16,1,2023-03,28.92,1.91,5.3,0,17.38,23.35,"ADORWELD,"
Disa India Ltd.,500068,Engineering - Industrial Equipments,1694.27,2,2023-03,0,1510.94,2023-03,261.9,29.77,2,2023-03,56.91,4.62,7.72,0,13.99,19.21,"500068,"
Thejo Engineering Ltd.,THEJO,Engineering,1674.42,2,2023-03,7.21,1656.68,2022-03,424.46,42.51,1,2023-03,60.71,1.33,9.29,0.1,29.31,37.12,"THEJO,"
Balu Forge Industries Ltd.,531112,Engineering - Industrial Equipments,1669.49,2,2023-03,51.33,1712.93,2022-03,286.08,29.84,2,2023-03,42.9,,4.69,0.3,25.64,28.92,"531112,"
Igarashi Motors India Ltd.,IGARASHI,Electric Equipment,1634.81,1,2023-03,92.23,1721.66,2023-03,656.25,5.24,1,2023-03,312.12,,3.72,0.21,1.19,4.18,"IGARASHI,"
Salasar Techno Engineering Ltd.,SALASAR,Engineering - Industrial Equipments,1598.1,2,2023-03,271.88,1848.77,2022-03,718.86,31.46,2,2023-03,40.08,3.46,4.02,0.88,11.77,13.05,"SALASAR,"
Jash Engineering Ltd.,JASH,Engineering - Industrial Equipments,1490.33,2,2023-03,75.52,1532.42,2022-03,367.56,32.18,2,2023-03,28.83,1.1,6.24,0.43,20.17,17.86,"JASH,"
Pitti Engineering Ltd.,PITTIENG,Engineering,1472.7,2,2023-03,289.91,1697.44,2023-03,1100.17,58.83,2,2023-03,25.13,,4.43,0.87,19.04,20.22,"PITTIENG,"
IFGL Refractories Ltd.,IFGLEXPOR,Refractories,1422.83,2,2023-03,148.5,1513.34,2022-03,1259.5,77.48,2,2023-03,17.99,1.96,1.42,0.09,8.49,10.94,"IFGLEXPOR,"
Spectrum Electrical Industries Ltd.,SPECTRUM,Electric Equipment,1413.71,2,2023-03,83.61,1497.31,2022-03,251.3,7.66,1,2023-03,167.9,,15.36,0.94,9.55,11.59,"SPECTRUM,"
John Cockerill India Ltd,500147,Engineering - Industrial Equipments,1400.86,1,2023-03,0,1282.35,2023-03,483.7,12.89,1,2023-06,62.07,4.46,7.12,0,6.92,9.72,"500147,"
Kabra Extrusiontechnik Ltd.,KABRAEXTRU,Engineering - Industrial Equipments,1375.39,2,2023-03,73.98,1391.09,2023-03,670.01,37.5,2,2023-06,35.2,2.63,3.54,0.19,10.53,14.99,"KABRAEXTRU,"
Deep Industries Ltd.,DEEPINDS,Engineering,1364.16,2,2023-03,69.87,1391.24,2022-03,321.63,72.4,2,2023-03,10.89,,0.99,0.03,6.61,8.43,"DEEPINDS,"
Shakti Pumps (India) Ltd.,SHAKTIPUMP,Compressors / Pumps,1351.13,2,2023-03,73.4,1407.11,2022-03,1178.54,64.82,2,2023-03,55.99,2.28,3.23,0.27,17.67,21.37,"SHAKTIPUMP,"
HPL Electric & Power Ltd.,HPL,Electric Equipment,1335.84,2,2023-03,598.15,1863.67,2022-03,1013.95,7.8,2,2023-03,43.73,,1.66,0.78,1.03,6.09,"HPL,"
Permanent Magnets Ltd.,504132,Electric Equipment,1310.19,1,2023-03,5.98,1304.41,2022-03,129.51,19.04,1,2023-03,44.04,0.59,11.81,0.03,26.04,35.09,"504132,"
Everest Kanto Cylinder Ltd.,EKC,Engineering - Industrial Equipments,1300.49,2,2023-03,95.71,1346.07,2022-03,1698.83,264.53,2,2023-03,17.03,0.23,1.3,0.13,34.56,41.67,"EKC,"
Transformers & Rectifiers (India) Ltd.,TRIL,Electric Equipment,1177.17,2,2023-03,329.5,1483.79,2023-03,1380.84,42.35,2,2023-03,28.92,0.58,2.99,0.84,11.3,14.98,"TRIL,"
De Nora India Ltd.,DENORA,Electrodes & Welding Equipment,1110.11,1,2023-03,,1094.87,2022-03,74.17,15.45,1,2023-03,54.75,1.4,10.92,0,20.76,28.46,"DENORA,"
Roto Pumps Ltd.,ROTO,Compressors / Pumps,1030.33,2,2023-03,38.54,1035.91,2022-03,175.59,30.24,2,2023-03,31.19,0.75,6.24,0.11,25.46,32.78,"ROTO,"
Hercules Hoists Ltd.,HERCULES,Engineering - Industrial Equipments,1018.24,2,2023-03,0,1002.22,2023-03,150.77,103.3,2,2023-03,9.83,,1.44,0,28.56,32.21,"HERCULES,"
Focus Lighting & Fixtures Ltd.,FOCUS,Electric Equipment,1011.96,2,2023-03,2.95,1014.91,2022-03,105.39,4.56,2,2023-06,33.89,13.25,10.25,0.07,13.67,18.5,"FOCUS,"
Shilchar Technologies Ltd.,531201,Electric Equipment,991.37,1,2023-03,0,982.09,2022-03,180.18,14.04,1,2023-03,22.99,8.5,8.16,0.21,19.22,23.58,"531201,"
Forbes & Company Ltd.,502865,Engineering - Industrial Equipments,875.56,2,2023-03,113.03,923.03,2023-03,441.98,191.33,2,2023-03,4.56,0.07,5.37,0.69,153.37,74.69,"502865,"
Yuken India Ltd.,YUKEN,Engineering - Industrial Equipments,825.17,2,2023-03,117.74,939.66,2022-03,331.12,13.14,2,2023-03,87.19,1.35,3.18,0.58,7.12,9.45,"YUKEN,"
Marine Electricals (India) Ltd.,MARINE,Engineering - Industrial Equipments,819.15,2,2023-03,65.11,864.91,2022-03,376.33,13.28,2,2023-03,48.2,11.9,3.93,0.2,7.87,12.5,"MARINE,"
Kirloskar Electric Company Ltd.,KECL,Electric Equipment,789.66,2,2023-03,133.45,898.43,2023-03,473.55,31.07,2,2023-03,25.41,1.36,-3.13,-0.53,0,0,"KECL,"
Mold-Tek Technologies Ltd.,MOLDTECH,Engineering,787.28,2,2023-03,,755.4,2022-03,98.35,13.3,2,2023-03,26.9,1.62,7.58,0,19.91,27.63,"MOLDTECH,"
Elin Electronics Ltd.,ELIN,Engineering - Industrial Equipments,740.92,2,2023-03,77.85,719.1,2022-03,1093.75,39.18,2,2023-03,27.64,1.21,1.5,0.34,13.86,16.78,"ELIN,"
Integra Engineering India Ltd.,505358,Engineering - Industrial Equipments,727.85,2,2023-03,19.86,740.03,2023-03,133.16,18.19,2,2023-06,35.4,0.89,11.15,0.32,34.52,24.4,"505358,"
Mallcom (India) Ltd,MALLCOM,Engineering - Industrial Equipments,684.56,2,2023-03,90.74,735.27,2022-03,357.23,31.56,2,2023-03,18.67,0.7,3.39,0.31,20.12,21.01,"MALLCOM,"
MIC Electronics Ltd.,MICEL,Electric Equipment,662.12,2,2023-03,16.56,677.74,2023-03,22.91,0.24,2,2023-06,247.99,16.64,10.3,3.57,5.4,1.42,"MICEL,"
Emkay Taps And Cutting Tools Ltd.,EMKAYTOOLS,Engineering - Industrial Equipments,614.67,1,2023-03,5.72,620.39,2022-03,70.81,35.26,1,2023-03,13.93,0.57,3.4,0.02,21.58,26.75,"EMKAYTOOLS,"
CFF Fluid Control Ltd.,543920,Engineering - Industrial Equipments,614.41,1,2022-03,16.59,626.95,2022-03,46.99,7.8,1,2022-03,78.78,,5.38,1.12,71.21,38.3,"543920,"
Kilburn Engineering Ltd.,522101,Engineering - Industrial Equipments,591.55,1,2023-03,64.19,640.21,2022-03,122.75,1.55,1,2023-03,19.63,,5.24,1.07,2.61,8.61,"522101,"
Artson Engineering Ltd.,522134,Engineering - Industrial Equipments,575.69,1,2023-03,58.88,632.87,2023-03,131.42,-23.51,1,2023-06,0,,-26.19,-3.88,0,-22.4,"522134,"
Bajaj Steel Industries Ltd.,507944,Engineering - Industrial Equipments,573.14,2,2023-03,36.38,520.77,2022-03,436.9,36.49,2,2023-03,8.53,0.2,2.11,0.28,19.3,23.16,"507944,"
Morganite Crucible (India) Ltd.,523160,Refractories,571.51,1,2023-03,,525.84,2022-03,152.35,43.39,1,2023-03,35.46,1.83,4.5,0,38.57,48.43,"523160,"
Salzer Electronics Ltd.,SALZERELEC,Electric Equipment,565.19,2,2023-03,272.55,820.36,2022-03,803.54,24.2,2,2023-03,14.51,,1.35,0.71,7.05,9.17,"SALZERELEC,"
W.S. Industries (India) Ltd.,WSI,Electric Equipment,553.88,2,2023-03,64.25,618.13,2022-03,,-3.93,2,2023-03,28.2,,9.61,-2.38,0,-2.57,"WSI,"
Affordable Robotic & Automation Ltd.,541402,Engineering,550.46,2,2023-03,38.28,588.74,2022-03,81.1,2.37,1,2023-03,122.95,,11.4,0.57,4.78,6.84,"541402,"
Algoquant Fintech Ltd.,505725,Engineering - Industrial Equipments,506.75,1,2023-03,30.47,534.02,2022-03,16.39,3.24,1,2023-03,0,0,14.78,0,12.07,14.42,"505725,"
Solex Energy Ltd.,SOLEX,Electric Equipment,503.88,1,2023-03,65.94,569.82,2022-03,72.33,0.99,1,2023-03,185.93,114.32,14.38,0.61,3.37,4.3,"SOLEX,"
Semac Consultants Ltd.,REVATHI,Engineering - Industrial Equipments,501.92,2,2023-03,33.07,486.54,2022-03,181.06,13.12,2,2023-03,16.14,3.98,2.21,0.14,6.93,10.74,"REVATHI,"
Hind Rectifiers Ltd.,HIRECT,Electric Equipment,501.73,1,2023-03,104.59,604.93,2022-03,372.1,7.8,1,2023-03,0,0,4.49,0.7,7.54,10.12,"HIRECT,"
Axtel Industries Ltd.,523850,Engineering - Industrial Equipments,500.31,1,2023-03,0,488.77,2023-03,180.15,17.3,1,2023-03,28.92,1.21,5.2,0,19.55,27.11,"523850,"
Sealmatic India Ltd.,543782,Engineering - Industrial Equipments,487.75,2,2023-03,4.56,452.24,2022-03,42.54,8.41,1,2023-03,44.42,,,0.03,32.42,41.51,"543782,"
Virtuoso Optoelectronics Ltd.,543597,Electric Equipment,477.67,1,2023-03,88.15,565.82,2022-03,200.17,3.94,1,2023-03,61.51,,5.1,3.2,22.78,18.94,"543597,"
Indo Tech Transformers Ltd.,INDOTECH,Electric Equipment,476.63,1,2023-03,11.33,445.6,2022-03,280.07,12.19,1,2023-03,18.55,0.73,2.79,0,8.76,13.82,"INDOTECH,"
Walchandnagar Industries Ltd.,507410,Engineering - Industrial Equipments,461.98,1,2023-03,292.88,700.99,2023-03,322.09,19.58,1,2023-03,23.59,,1.77,1.12,8.95,12.7,"507410,"
International Conveyors Ltd.,INTLCONV,Engineering - Industrial Equipments,461.02,2,2023-03,64.67,514.61,2022-03,205.18,16.18,2,2023-03,16.03,0.43,2.22,0.09,8.82,14.24,"INTLCONV,"
United Drilling Tools Ltd.,UNIDT,Engineering - Industrial Equipments,457.73,2,2023-03,4.97,462.7,2022-03,174.9,50.03,2,2023-03,44.72,,1.86,0.08,20.89,28.07,"UNIDT,"
Taylormade Renewables Ltd.,541228,Electric Equipment,456.09,1,2023-03,3.33,459.41,2022-03,6.07,0.16,1,2023-03,231.87,,14.77,0.2,0.91,3.73,"541228,"
Eimco Elecon (India) Ltd.,523708,Engineering - Industrial Equipments,443.59,2,2023-03,0,440.78,2023-03,172.7,19.52,2,2023-06,16.92,4.56,1.24,0,5.71,7.5,"523708,"
Ador Fontech Ltd.,530431,Electrodes & Welding Equipment,436.1,2,2023-03,0,393.57,2023-03,214.23,17.56,2,2023-03,24.86,1.22,3.45,0,14.08,21.79,"530431,"
Advait Infratech Ltd.,543230,Engineering - Industrial Equipments,412.33,2,2023-03,10.15,422.49,2022-03,78.66,5.32,1,2023-03,41.23,9.05,8.86,0.23,15.31,23.36,"543230,"
Orient Ceratech Ltd.,ORIENTABRA,Refractories,410.84,2,2023-03,14.67,418.79,2022-03,267.07,6.86,2,2023-03,29,,1.58,0.15,3.18,4.17,"ORIENTABRA,"
RMC Switchgears Ltd.,540358,Electric Equipment,393.26,1,2022-03,41.49,434.64,2022-03,41.56,0.58,1,2023-03,33.49,,8.6,1.48,2.08,5.02,"540358,"
South West Pinnacle Exploration Ltd.,SOUTHWEST,Engineering,389.52,2,2023-03,62.41,444.1,2022-03,117.86,10.92,2,2023-03,43.42,3.13,3.43,0.46,10.97,13.64,"SOUTHWEST,"
Windsor Machines Ltd.,WINDMACHIN,Engineering - Industrial Equipments,389.07,2,2023-03,35.87,413.63,2022-03,369.16,2.22,2,2023-03,83.51,,1.39,0.09,0.78,5.7,"WINDMACHIN,"
Artemis Electricals And Projects Ltd.,542670,Electric Equipment,374.3,2,2023-03,27.91,402.16,2022-03,34.33,-12.02,2,2023-03,59.64,,4.95,0.44,-17.34,-9.47,"542670,"
Pavna Industries Ltd.,PAVNAIND,Engineering - Industrial Equipments,357.26,2,2022-03,120.27,476.85,2022-03,335.73,9.64,1,2022-03,55.75,,6.15,2.18,18.74,16.52,"PAVNAIND,"
Mazda Ltd.,MAZDA,Engineering - Industrial Equipments,356.55,1,2023-03,,348.48,2022-03,164.99,21.24,1,2023-03,13.39,1.28,1.92,0,13.64,18.15,"MAZDA,"
BEW Engineering Ltd.,BEWLTD,Engineering,356.16,1,2022-06,33.35,389.5,2022-03,99.42,5.64,1,2023-03,48.62,,16.32,1.39,38.84,26.44,"BEWLTD,"
Lakshmi Electrical Control Systems Ltd.,504258,Electric Equipment,352.93,1,2023-03,7.6,355.25,2023-03,360.82,19.93,1,2023-06,17.12,1.53,1.49,0.03,8.96,12.09,"504258,"
Lokesh Machines Ltd.,LOKESHMACH,Engineering,336.46,1,2023-03,88.09,417.61,2022-03,201.84,6.35,1,2023-03,34.79,1.41,2.12,0.58,4.34,9.25,"LOKESHMACH,"
Birla Precision Technologies Ltd.,522105,Engineering - Industrial Equipments,318.7,2,2023-03,32.41,325.03,2022-03,246.27,11.18,2,2023-03,22.65,,2.29,0.2,9.94,12.04,"522105,"
Veljan Denison Ltd.,505232,Compressors / Pumps,313.9,1,2023-03,9.41,285.46,2022-03,97.85,16.88,1,2023-03,21.53,7.03,1.72,0.04,10.29,13.61,"505232,"
Sika Interplant Systems Ltd.,523606,Engineering - Industrial Equipments,313.75,2,2023-03,,289.85,2022-03,98.44,16.54,2,2023-03,35.28,0.7,3.49,0,23.26,32.12,"523606,"
Innovators Facade Systems Ltd.,541353,Engineering,295,2,2023-03,38.52,317.49,2023-03,181.17,8.42,1,2023-03,34.93,28.22,2.64,0.3,6.68,9.96,"541353,"
Mahindra EPC Irrigation Ltd.,MAHEPC,Engineering - Industrial Equipments,294.9,2,2023-03,15,302.87,2023-03,210.37,-12.31,2,2023-06,0,,1.83,0.09,-7.31,-7.29,"MAHEPC,"
Rajoo Engineers Ltd.,522257,Engineering - Industrial Equipments,291.84,2,2023-03,1.52,277.44,2022-03,190.58,16.08,1,2023-03,29.13,1.64,2.85,0,17.66,23.69,"522257,"
Gujarat Apollo Industries Ltd.,GUJAPOLLO,Engineering - Industrial Equipments,283.67,2,2023-03,25.51,289.44,2022-03,55.68,8.18,2,2023-03,24.84,,0.59,0.03,1.55,2.85,"GUJAPOLLO,"
Pradeep Metals Ltd.,513532,Engineering - Industrial Equipments,283.66,2,2023-03,72.68,354.26,2023-03,267.79,26.23,2,2023-03,10.8,0.25,3,0.77,30.93,24.11,"513532,"
Macpower CNC Machines Ltd.,MACPOWER,Engineering - Industrial Equipments,283.47,1,2023-03,0.02,278.32,2022-03,190.48,12.84,1,2023-03,21.99,0.29,2.93,0,16.34,23.6,"MACPOWER,"
Modison Ltd.,MODISONLTD,Electric Equipment,282.83,2,2023-03,5,286.75,2023-03,334.71,11.18,2,2023-03,25.32,,1.52,0.03,6.17,8.91,"MODISONLTD,"
TIL Ltd.,TIL,Engineering - Industrial Equipments,256.27,2,2023-03,400.18,655.05,2022-03,66.24,-431.17,2,2023-03,0,,-0.88,-1.98,-2981.81,-95.31,"TIL,"
DHP India Ltd.,531306,Engineering - Industrial Equipments,247.92,1,2023-03,0,247.92,2022-03,119.51,35.61,1,2023-03,10.58,0.4,1.43,0,27.46,35.8,"531306,"
Aaron Industries Ltd.,AARON,Engineering,237.14,1,2023-03,11.37,247.57,2022-03,37.74,3.71,1,2023-03,43.89,0.32,11.14,0.58,26.44,25.14,"AARON,"
Shri Bajrang Alliance Ltd.,526981,Engineering - Industrial Equipments,233.78,2,2023-03,54.16,287.67,2022-03,170.71,3.8,2,2023-03,6.94,0.05,0.93,0.19,2.04,4.08,"526981,"
Alliance Integrated Metaliks Ltd.,534064,Engineering - Industrial Equipments,226.21,1,2023-03,264.63,485.68,2022-03,79.12,-24.59,1,2023-03,19.3,,-0.65,-1.47,0,20.11,"534064,"
International Combustion (India) Ltd.,505737,Engineering - Industrial Equipments,217.04,1,2023-03,12.98,225.4,2022-03,168.89,4.15,1,2023-06,15.76,1.11,2.03,0.09,4.53,6.77,"505737,"
Atam Valves Ltd.,ATAM,Engineering - Industrial Equipments,216.39,1,2023-03,6.66,222.83,2022-03,20.33,1.45,1,2023-03,28.22,0.72,8.66,0.49,13.84,15.51,"ATAM,"
Batliboi Ltd.,522004,Engineering - Industrial Equipments,214.56,2,2023-03,73.61,281.54,2023-03,253.83,10.56,2,2023-06,15.98,0.65,1.59,0.54,8.09,8,"522004,"
Calcom Vision Ltd.,517236,Electric Equipment,212.76,1,2023-03,31.55,240.66,2022-03,100.06,0.85,1,2023-03,37.68,9.83,4.88,0.65,4.38,9.39,"517236,"
TRF Ltd.,TRF,Engineering - Industrial Equipments,211.72,2,2023-03,106.9,295.96,2023-03,177.1,87.52,2,2023-06,2.7,0.13,-0.51,4.86,0,128.7,"TRF,"
DE Neers Tools Ltd.,DENEERS,Engineering - Industrial Equipments,210,1,2023-03,60.77,270.77,2022-03,60.19,4.99,1,2023-03,30.28,,5.86,1.53,75.95,12.65,"DENEERS,"
Sprayking Agro Equipment Ltd.,540079,Engineering - Industrial Equipments,205.65,1,2023-03,1.3,206.95,2022-03,15.62,0.35,1,2023-03,120.97,3.62,7.1,0,3.88,5.21,"540079,"
Veto Switchgears And Cables Ltd.,VETO,Electric Equipment,202.24,2,2023-03,42.92,245.16,2022-03,267.83,20.19,2,2023-03,9.99,5.6,0.87,0.21,9.94,13.86,"VETO,"
JostS Engineering Company Ltd.,505750,Engineering - Industrial Equipments,199.45,2,2023-03,5.52,202.99,2022-03,124.35,4.57,2,2023-03,27.75,,5.13,0.34,14.8,18.98,"505750,"
Latteys Industries Ltd.,LATTEYS,Compressors / Pumps,196.64,1,2023-03,12.31,208.95,2022-03,40.85,1.03,1,2023-03,150.45,15.13,11.68,0.79,6.89,9.16,"LATTEYS,"
Duncan Engineering Ltd.,504908,Engineering - Industrial Equipments,191.32,1,2023-03,1.06,186.73,2023-03,70.1,9.9,1,2023-06,19.32,0.15,4.12,0.02,23.84,30.86,"504908,"
Panasonic Carbon India Company Ltd.,508941,Electrodes & Welding Equipment,187.97,1,2023-03,0,186.52,2023-03,50.12,12.83,1,2023-03,14.65,17.53,1.3,0,9.13,12.45,"508941,"
GEE Ltd.,504028,Electrodes & Welding Equipment,186.68,1,2022-09,91.27,277.94,2022-03,323.41,15.07,1,2022-12,11.25,0.33,1.54,0.71,15,14.99,"504028,"
Zodiac Energy Ltd.,ZODIAC,Engineering - Industrial Equipments,183.5,1,2023-03,45.07,223,2022-03,142.97,5.46,1,2023-03,57.54,0.67,5.09,0.52,18.1,20.55,"ZODIAC,"
Alphageo (India) Ltd.,ALPHAGEO,Engineering,183.18,2,2023-03,,77.43,2022-03,154.88,12.19,2,2023-03,14.2,,0.65,0,4.56,6.99,"ALPHAGEO,"
Triton Valves Ltd.,505978,Engineering - Industrial Equipments,171.45,2,2023-03,131.06,301.5,2022-03,322.01,-2.94,2,2023-03,0,,2.39,1.52,-3.54,3.02,"505978,"
Rexnord Electronics & Controls Ltd.,531888,Electric Equipment,168.47,2,2023-03,5.34,159.1,2022-03,71.07,9.12,2,2023-03,26.53,,2.12,0.13,19.88,25.3,"531888,"
Patels Airtemp (India) Ltd.,517417,Engineering - Industrial Equipments,165.39,2,2023-03,95.24,260.63,2022-03,303.22,12.37,2,2023-03,14.81,,1.28,0.79,11.77,14.28,"517417,"
Majestic Auto Ltd.,500267,Electric Equipment,158.2,2,2023-03,147.9,305.2,2022-03,48.93,10.56,2,2023-03,41.23,1.8,0.37,0.4,2.52,5.82,"500267,"
Concord Control Systems Ltd.,543619,Engineering - Industrial Equipments,157.65,2,2023-03,2.55,160.2,2022-03,31.7,2.59,1,2023-03,28.95,,,0.42,41.48,38.11,"543619,"
Bemco Hydraulics Ltd.,522650,Engineering - Industrial Equipments,150.77,2,2023-03,14.17,162.34,2023-03,48.44,3.89,2,2023-03,38.07,1.04,3.14,0.3,8.61,10.93,"522650,"
Anlon Technology Solution Ltd.,ANLON,Engineering,149.88,1,2023-03,2.88,145.85,2023-03,32.89,4.44,1,2023-03,33.77,0.49,5.93,0.11,29.44,37.61,"ANLON,"
Ahlada Engineers Ltd.,AHLADA,Engineering,148.98,1,2023-03,32.35,181.33,2022-03,152.14,5.18,1,2023-03,29.25,3.04,1.17,0.25,4.29,7.35,"AHLADA,"
Fluidomat Ltd.,522017,Engineering - Industrial Equipments,147.19,2,2023-03,,144.75,2022-03,34.07,5.48,2,2023-03,15.26,,2.98,0,13.96,19,"522017,"
Pritika Auto Industries Ltd.,PRITIKAUTO,Engineering,144.62,2,2023-03,94.84,223.9,2022-03,271.23,14.41,2,2023-03,9.76,0.35,0.9,0.61,10.8,12.34,"PRITIKAUTO,"
Debock Industries Ltd.,DIL,Engineering,144.1,1,2023-03,12.75,156.85,2022-03,97.37,6.73,1,2023-03,11.2,0.17,1.09,0.29,17.61,15.3,"DIL,"
Aartech Solonics Ltd.,AARTECH,Electric Equipment,140.69,1,2023-03,2.66,143.35,2022-03,16.36,1.42,1,2023-03,72.78,2,4.86,0.02,4.98,6.47,"AARTECH,"
Loyal Equipments Ltd.,539227,Engineering - Industrial Equipments,136.12,2,2023-03,12.1,148.22,2022-03,32.79,-5.12,1,2023-03,22.8,,6.04,0.96,-26.81,-10.07,"539227,"
Likhami Consulting Ltd.,539927,Engineering,129.35,1,2023-03,,129.35,2022-03,0.43,-4.09,1,2023-06,0,0,3.75,0,-11.23,-11.13,"539927,"
Cenlub Industries Ltd.,522251,Engineering - Industrial Equipments,127.62,1,2023-03,4.79,128.16,2022-03,52.42,7,1,2023-03,19.07,0.73,2.7,0.15,18.9,21,"522251,"
Amba Enterprises Ltd.,539196,Engineering - Industrial Equipments,119.92,1,2023-03,3.4,122.87,2022-03,219.52,6.4,1,2023-03,25.37,0.57,4.01,0.19,28.61,35.02,"539196,"
GTV Engineering Ltd.,539479,Engineering,118.43,1,2023-03,7.58,126.01,2022-03,77.42,0.92,1,2023-03,28.89,1.54,3.83,0.22,3.47,5.81,"539479,"
Hindustan Tin Works Ltd.,530315,Engineering - Industrial Equipments,117.78,1,2023-03,73.05,186.41,2022-03,409.02,15.19,1,2023-03,7.14,0.43,0.62,0.47,8.84,11.23,"530315,"
RTS Power Corporation Ltd.,531215,Electric Equipment,116.67,2,2023-03,20.5,135.5,2022-03,92.39,1.58,2,2023-03,13.01,0.16,0.85,0.16,1.23,4.23,"531215,"
Gujarat Containers Ltd.,513507,Engineering - Industrial Equipments,113.85,1,2023-03,19.97,133.81,2022-03,149.78,9.13,1,2023-03,10.26,0.16,3.27,1.23,48.38,32.89,"513507,"
Bansal Roofing Products Ltd.,538546,Engineering,113.16,1,2023-03,6.51,119.67,2022-03,72.59,3.94,1,2023-03,27.14,0.78,4.7,0.37,21.81,23.89,"538546,"
Mauria Udyog Ltd.,539219,Engineering - Industrial Equipments,112.55,1,2022-09,272.33,368.76,2022-03,241.13,-2.24,1,2022-12,0,,9.58,26.33,-20.34,-0.83,"539219,"
KPT Industries Ltd.,505299,Engineering - Industrial Equipments,112.37,1,2023-03,28.76,138.17,2022-03,116.48,5.01,1,2023-03,13.35,0.53,2.56,0.9,14.97,15.47,"505299,"
GG Engineering Ltd.,540614,Electric Equipment,106.42,2,2023-03,1.72,108.14,2022-03,22.55,0.44,2,2023-06,12.53,,0.86,0.57,2.94,3.19,"540614,"
Nitiraj Engineers Ltd.,NITIRAJ,Engineering - Industrial Equipments,104.25,2,2023-03,2.99,106.38,2022-03,39.63,-3.53,2,2023-03,0,,1.54,0.05,-5.08,-5.79,"NITIRAJ,"
T&I Global Ltd.,522294,Engineering - Industrial Equipments,103.38,1,2023-03,,103.38,2022-03,103.39,8.72,1,2023-03,12.27,0.38,1.42,0,14.6,21.27,"522294,"
BCPL Railway Infrastructure Ltd.,542057,Engineering - Industrial Equipments,103.22,2,2023-03,2.68,103.91,2023-03,122.79,8.03,2,2023-03,12.82,,1.22,0.03,9.94,15.27,"542057,"
Tayo Rolls Ltd.,504961,Engineering - Industrial Equipments,101.38,1,2023-03,399.97,501.35,2022-03,,-3.47,1,2023-03,0,0,-0.21,-0.89,0,0,"504961,"
United Van Der Horst Ltd.,522091,Engineering - Industrial Equipments,99.43,1,2023-03,26.52,125.95,2022-03,11.63,1.75,1,2023-03,42.51,2.35,2.85,0.53,5.63,4.91,"522091,"
Krishna Ventures Ltd.,504392,Engineering,96.61,1,2023-03,0.07,96.68,2022-03,,-0.16,1,2023-03,0,,8.1,0,-1.31,-1.31,"504392,"
Akar Auto Industries Ltd.,530621,Engineering - Industrial Equipments,95.95,1,2023-03,59.41,151.51,2022-03,268.52,6.88,1,2023-03,13.95,0.55,2.42,2.2,23.68,14.73,"530621,"
Star Delta Transformers Ltd.,539255,Electric Equipment,95.47,1,2023-03,2.58,93.11,2022-03,31.15,3.65,1,2023-03,16.58,6.46,1.53,0.02,6.64,9.77,"539255,"
Rungta Irrigation Ltd.,530449,Engineering - Industrial Equipments,92.88,1,2023-03,11.09,103.96,2022-03,70.26,1.28,1,2023-03,31.15,,1.16,0.35,1.95,3.42,"530449,"
Delta Manufacturing Ltd.,DELTAMAGNT,Electric Equipment,91.17,2,2023-03,40.05,129.94,2022-03,87.97,11.58,2,2023-03,0,,2.43,0.85,25.18,18.53,"DELTAMAGNT,"
Marshall Machines Ltd.,MARSHALL,Engineering - Industrial Equipments,89.05,1,2023-03,45.25,134.3,2022-03,60.33,-3.14,1,2023-03,0,,2.25,0.87,-6.6,0.87,"MARSHALL,"
Shraddha Prime Projects Ltd.,531771,Engineering - Industrial Equipments,87.01,1,2023-03,74.65,161.65,2022-03,0.07,-0.31,1,2023-03,0,,1.81,23.65,0,-2.78,"531771,"
Jyoti Ltd.,504076,Electric Equipment,84.4,2,2023-03,255,319.25,2022-03,120.24,1.46,2,2023-03,18.27,1.2,-1.22,-3.7,0,3.99,"504076,"
Brady & Morris Engineering Company Ltd.,505690,Engineering - Industrial Equipments,78.77,1,2023-03,14.04,91.05,2022-03,46.79,3.19,1,2023-03,15.59,0.13,5.28,1.8,38.37,19.31,"505690,"
SKIL Infrastructure Ltd.,SKIL,Engineering,77.97,2,2023-03,1981.32,2059.29,2022-03,,-160.84,2,2023-03,0.07,0.01,0.12,-5.5,0,2.1,"SKIL,"
Kaycee Industries Ltd.,504084,Electric Equipment,77.64,1,2023-03,0,72.92,2023-03,41.78,3.49,1,2023-03,22.22,0.88,3.93,0,19.23,26.7,"504084,"
Aplab Ltd.,517096,Electric Equipment,77.35,1,2023-03,50.23,127.58,2022-03,51.36,0.17,1,2023-03,377.33,23.39,-6.32,-2.29,0,15.12,"517096,"
Dhruv Consultancy Services Ltd.,DHRUV,Engineering,76.23,1,2023-03,13.42,82.57,2022-03,75.06,5.76,1,2023-03,15.81,1.6,1.37,0.26,13.48,16.62,"DHRUV,"
Marsons Ltd.,517467,Electric Equipment,74.06,1,2023-03,14.51,88.46,2022-03,1.59,-1.29,1,2023-03,22.67,1.7,5.34,-91.2,-273.44,-5.55,"517467,"
Shilp Gravures Ltd.,513709,Engineering - Industrial Equipments,73.71,2,2023-03,1.72,74.72,2022-03,74.79,7.91,2,2023-03,9.44,0.36,0.85,0.05,10.32,13.08,"513709,"
ITL Industries Ltd.,522183,Engineering - Industrial Equipments,71.65,2,2023-03,15.69,85.63,2022-03,113.51,6,2,2023-03,9.29,0.98,1.16,0.33,11.76,13.91,"522183,"
Nilachal Refractories Ltd.,502294,Refractories,70.25,1,2023-03,14.22,84.38,2022-03,1.98,-1.66,1,2023-03,0,,98.23,17.91,-51.86,-2.81,"502294,"
Sparc Electrex Ltd.,531370,Electric Equipment,70.09,1,2023-03,2.52,72.6,2022-03,13.15,2.12,1,2023-03,100.7,0.81,2.19,0.61,87.63,61.38,"531370,"
Gujarat Toolroom Ltd.,513337,Engineering,69.28,1,2023-03,0.95,70.22,2022-03,,-0.16,1,2023-03,49.91,,10.9,3.16,-86.27,-37.66,"513337,"
Global Pet Industries Ltd.,GLOBALPET,Engineering - Industrial Equipments,67.68,1,2022-03,0,62.56,2022-03,27.61,1.16,1,2022-03,58.36,,2.51,0,17.94,24.08,"GLOBALPET,"
Shetron Ltd.,526137,Engineering - Industrial Equipments,67.23,1,2023-03,68.07,129.3,2023-03,244.56,6.2,1,2023-03,10.84,0.39,1.33,1.35,13.03,16.51,"526137,"
Godha Cabcon & Insulation Ltd.,GODHA,Engineering - Industrial Equipments,66.62,1,2023-03,2.63,67.69,2022-03,35.33,0.82,1,2023-03,0,0,0.96,0.16,3.31,6.16,"GODHA,"
ATV Projects India Ltd.,500028,Engineering - Industrial Equipments,62.78,1,2023-03,54.49,116.37,2023-03,47.8,5.08,1,2023-03,12.37,0.98,0.33,0.28,2.68,2.05,"500028,"
Alphalogic Industries Ltd.,543937,Engineering - Industrial Equipments,60.79,1,2023-03,3.71,64.5,2023-03,18.02,2.19,1,2023-03,27.71,,2.94,0.86,84.54,62.76,"543937,"
Modulex Construction Technologies Ltd.,504273,Electric Equipment,57.37,2,2023-03,18.53,75.89,2022-03,,-8.09,2,2023-03,0,,0.21,0.07,-3,-1.83,"504273,"
JSL Industries Ltd.,504080,Electric Equipment,56.26,1,2023-03,4.4,60.58,2022-03,55.25,2.76,1,2023-03,16.36,0.41,1.78,0.09,10.31,14.53,"504080,"
Manugraph India Ltd.,MANUGRAPH,Engineering - Industrial Equipments,55.99,2,2023-03,10.45,64.85,2022-03,46.05,-15.36,2,2023-03,0,0,0.56,0.16,-13.19,-9.72,"MANUGRAPH,"
Advance Metering Technology Ltd.,534612,Engineering - Industrial Equipments,55.77,2,2023-03,5.5,30.54,2022-03,17.03,-2.68,2,2023-03,10.14,2.01,0.55,0.18,-2.76,-0.6,"534612,"
Acrow India Ltd.,513149,Engineering - Industrial Equipments,54.27,1,2023-03,,54.27,2022-03,,0.86,1,2023-06,83.88,,2.41,0,3.94,5.06,"513149,"
D&H India Ltd.,517514,Electrodes & Welding Equipment,54.25,2,2023-03,21.26,75.51,2022-03,90.73,2.4,2,2023-03,12.85,0.24,1.38,0.64,7.92,7.71,"517514,"
Trans India House Impex Ltd,523752,Engineering - Industrial Equipments,51.7,1,2023-03,12.45,64.14,2022-03,,-0.83,1,2023-03,17.69,28.2,5.28,-0.96,0,0,"523752,"
Cospower Engineering Ltd.,543172,Electric Equipment,49.95,1,2023-03,17.55,67.5,2022-03,12.1,0.75,1,2023-03,242.48,12.17,7.24,1.5,11.45,12.37,"543172,"
ANI Integrated Services Ltd.,AISL,Engineering,49.7,2,2023-03,11.23,60.93,2022-03,143.62,5.18,2,2023-03,18.87,,1.07,0.17,12.5,14.97,"AISL,"
GG Automotive Gears Ltd.,531399,Engineering - Industrial Equipments,47.81,1,2023-03,34.04,80.98,2022-03,47.51,0.42,1,2023-06,19.51,,2.07,1.56,2.06,5.59,"531399,"
RM Drip and Sprinklers System Ltd.,RMDRIP,Engineering - Industrial Equipments,46.3,1,2022-03,7.81,53.85,2022-03,17.92,-0.94,1,2022-03,0,,2.3,0.61,-7.16,1.94,"RMDRIP,"
RBM Infracon Ltd.,RBMINFRA,Engineering,45.58,1,2023-03,8.11,53.69,2022-03,47.54,1.91,1,2023-03,20.62,,2.23,1.3,34.23,21.54,"RBMINFRA,"
Rasi Electrodes Ltd.,531233,Electrodes & Welding Equipment,45.48,1,2023-03,3.18,48.34,2022-03,68.38,2.05,1,2023-03,15.13,0.79,1.55,0.36,8.04,9.85,"531233,"
Dhanashree Electronics Ltd.,542679,Electric Equipment,43.92,1,2023-03,52.12,95.37,2022-03,47.96,1.97,1,2023-03,16.34,11.58,1.27,1.48,6.38,9.44,"542679,"
S&S Power Switchgear Ltd.,517273,Electric Equipment,43.09,2,2023-03,49.67,89.27,2022-03,110.46,-15.5,2,2023-03,16.91,,-4.49,-2.48,0,-54.41,"517273,"
Rolcon Engineering Company Ltd.,505807,Engineering - Industrial Equipments,43.03,2,2023-03,0.24,36.84,2022-03,41.9,2.93,2,2023-03,13.33,,2.3,0.02,22.27,30.43,"505807,"
Chemtech Industrial Valves Ltd.,537326,Engineering - Industrial Equipments,41.86,1,2022-12,10.93,52.79,2022-03,11.49,-0.56,1,2022-12,76.39,,4.51,1.33,-6.11,3.58,"537326,"
Ujaas Energy Ltd.,UJAAS,Electric Equipment,41.46,1,2023-03,105.82,145.12,2022-03,44.67,-109.7,1,2023-03,0,,0.82,1.83,-89.32,-39.9,"UJAAS,"
Alfa Transformers Ltd.,517546,Electric Equipment,39.26,1,2023-03,7.75,44.11,2023-03,29.05,1.01,1,2023-06,15.17,0.81,15.5,5.94,206.54,27.98,"517546,"
Hawa Engineers Ltd.,539176,Engineering - Industrial Equipments,39.14,1,2023-03,17.34,56.48,2022-03,73.24,1.09,1,2023-03,56.16,6.16,2.38,1.02,7.2,9.89,"539176,"
Artefact Projects Ltd.,531297,Engineering,38.65,1,2023-03,12.79,51.45,2022-03,23.57,4.14,1,2023-03,7.23,0.09,0.69,0.37,8.52,11.99,"531297,"
Rishi Laser Ltd.,526861,Engineering - Industrial Equipments,38.61,2,2023-03,7,43.75,2022-03,117.32,0.32,2,2023-03,7.81,0.42,2.57,1.28,3.2,16.52,"526861,"
Tulive Developers Ltd.,505285,Engineering,38.14,1,2023-03,,38.14,2022-03,,-1.98,1,2023-03,30.22,,0.78,0,-4.06,-4.06,"505285,"
Rapicut Carbides Ltd.,500360,Engineering - Industrial Equipments,35.64,1,2023-03,3.43,38.74,2022-03,36.14,-1.06,1,2023-03,0,,1.66,0.1,-4.59,-2.12,"500360,"
Polymechplast Machines Ltd.,526043,Engineering - Industrial Equipments,31.21,2,2023-03,4.21,28.05,2022-03,83.44,3.47,2,2023-03,20.23,,1.23,0.21,17.2,20.38,"526043,"
Ameya Precision Engineers Ltd.,AMEYA,Engineering,29.25,1,2023-03,0.82,30.07,2022-03,23.78,1.52,1,2023-03,15.85,,1.43,0.22,11.93,14.06,"AMEYA,"
Sharika Enterprises Ltd.,540786,Engineering,29.1,2,2023-03,13.95,41.46,2022-03,39.2,-0.33,2,2023-03,0,,1.25,0.56,-1.29,4.29,"540786,"
Envair Electrodyne Ltd.,500246,Engineering - Industrial Equipments,28.77,1,2022-09,,19.87,2022-03,4.64,-0.77,1,2022-12,3.88,,2.76,1.12,-26.95,-12.44,"500246,"
GG Dandekar Machine Works Ltd.,505250,Engineering - Industrial Equipments,28.23,2,2023-03,4.59,28.85,2022-03,1.38,16.45,2,2023-03,0,0,0.51,0,34.11,35.67,"505250,"
Rollatainers Ltd.,502448,Engineering - Industrial Equipments,27.51,2,2023-03,30.84,57.39,2022-03,6.24,-67.42,2,2023-03,0,,-0.89,-1.93,-339.5,-120.04,"502448,"
DRA Consultants Ltd.,540144,Engineering,27.41,1,2022-03,0,26.86,2022-03,15.13,1.65,1,2023-03,15.8,,1.05,0,6.56,9.52,"540144,"
Solitaire Machine Tools Ltd.,522152,Engineering - Industrial Equipments,26.3,1,2023-03,0.53,26.15,2023-03,18.67,1.6,1,2023-03,16.48,,1.55,0.03,9.69,13.32,"522152,"
Jainex Aamcol Ltd.,505212,Engineering - Industrial Equipments,25.55,1,2023-03,4.58,30.13,2022-03,18.77,1.45,1,2023-03,20.44,0.38,3.99,1.09,32.77,25.2,"505212,"
DMR Hydroengineering & Infrastructures Ltd.,543410,Engineering,24.19,1,2022-03,0.71,24.71,2022-03,3.53,0.69,1,2023-03,31.21,,4.18,0.14,16.94,21.02,"543410,"
Associated Ceramics Ltd.,531168,Refractories,23.71,1,2023-03,6.35,29.28,2023-03,55.8,4.58,1,2023-03,5.18,0.16,0.84,0.21,17.72,20.36,"531168,"
Perfect Infraengineers Ltd.,PERFECT,Engineering,23.68,1,2023-03,10.28,33.95,2022-03,4.29,-1.89,1,2023-03,39.59,,1.14,0.43,-8.71,-4.59,"PERFECT,"
SBEC Systems (India) Ltd.,517360,Engineering,20.04,2,2023-03,17.01,36.91,2022-03,2.97,1.3,2,2023-03,18.12,1.11,-1.25,-1.01,0,1076.38,"517360,"
Maks Energy Solutions India Ltd.,MAKS,Electric Equipment,19.45,2,2023-03,12.8,32.26,2022-03,25.54,0.51,1,2023-03,54.79,,1.24,1.64,4.28,10.32,"MAKS,"
Mehai Technology Ltd.,540730,Electric Equipment,19.21,1,2023-03,1.49,20.71,2022-03,6.01,0.27,1,2023-03,38.58,,1.43,0.01,2.11,2.89,"540730,"
Cranex Ltd.,522001,Engineering - Industrial Equipments,19.2,2,2023-03,24.1,40.84,2022-03,40.14,0.73,2,2023-03,34.04,4.25,2.06,2.49,8.33,7.01,"522001,"
Lerthai Finance Ltd.,502250,Refractories,19.18,1,2023-03,,9.76,2022-03,,-0.47,1,2023-03,27.8,,2.04,0,-5.28,-4.52,"502250,"
Yashraj Containeurs Ltd.,530063,Engineering - Industrial Equipments,18.27,1,2023-03,71.9,88.92,2023-03,4.5,-5.67,1,2023-03,0,0,-0.23,-0.91,0,0,"530063,"
Adarsh Plant Protect Ltd.,526711,Engineering - Industrial Equipments,18.11,1,2023-03,4.76,22.87,2022-03,17.12,0.1,1,2023-03,129.35,19.73,17.4,6.85,13.37,4.37,"526711,"
Ishan International Ltd.,ISHAN,Engineering,17.59,1,2023-03,4.84,22.42,2022-03,21.12,1.52,1,2023-03,33.82,0.96,0.72,1.37,27.18,22.08,"ISHAN,"
Trans Freight Containers Ltd.,513063,Engineering - Industrial Equipments,16.02,1,2023-03,,16.02,2022-03,,1.97,1,2023-03,2.73,,0.43,0,6.44,6.81,"513063,"
SP Refractories Ltd.,SPRL,Refractories,14.32,1,2023-03,5.42,19.74,2022-03,31.52,0.98,1,2023-03,23.2,,1.72,0.61,15.15,16.28,"SPRL,"
Bright Solar Ltd.,BRIGHT,Compressors / Pumps,12.37,1,2023-03,1.83,14.2,2022-03,7.19,-7.37,1,2023-03,224.99,,0.35,0.12,-21.62,-20.21,"BRIGHT,"
Misquita Engineering Ltd.,542801,Engineering - Industrial Equipments,10.91,1,2023-03,1.64,12.55,2022-03,8.53,0.42,1,2023-03,24.09,1.03,1.88,0.22,7.54,10.41,"542801,"
Sterling Powergensys Ltd.,513575,Engineering - Industrial Equipments,10.39,1,2023-03,5.29,15.64,2023-03,0.33,-0.71,1,2023-03,0,,-3.95,-2.01,0,-17.25,"513575,"
Iykot Hitech Toolroom Ltd.,522245,Engineering - Industrial Equipments,10.35,1,2023-03,,10.35,2022-03,8.35,0.2,1,2023-03,0,,3.25,0,4.76,6.37,"522245,"
Shri Ram Switchgears Ltd.,SRIRAM,Electric Equipment,10.11,1,2023-03,62.72,72.83,2022-03,4.33,-16.83,1,2023-03,0,,-0.58,-3.2,0,-30.67,"SRIRAM,"
Shivagrico Implements Ltd.,522237,Engineering,9.78,1,2023-03,16.98,24.7,2022-03,48.2,0.77,1,2023-03,95.85,1.2,1.34,2.58,11.54,7.91,"522237,"
Lippi Systems Ltd.,526604,Engineering,9.71,1,2023-03,0.17,9.78,2022-03,10.58,0.84,1,2023-03,0,,0.43,0.02,3.49,5.99,"526604,"
Tarapur Transformers Ltd.,533203,Electric Equipment,9.65,1,2023-03,,8.96,2022-03,2.53,6.13,1,2023-03,0,0,-0.67,4.19,113.16,15.77,"533203,"
Saboo Brothers Ltd.,530267,Engineering - Industrial Equipments,9.47,1,2023-03,,9.47,2022-03,0.35,0.1,1,2023-03,210.52,,0.92,0,1,1.83,"530267,"
Vuenow Infratech Ltd.,531997,Engineering - Industrial Equipments,8.88,1,2023-03,1.2,10.08,2023-03,0,-0.56,1,2023-03,0,,-12.9,-1.07,0,-438.43,"531997,"
Tarini International Ltd.,538496,Engineering,8.46,2,2023-03,6.04,14.51,2022-03,1.49,-0.18,1,2023-03,100.73,3.28,0.27,0.32,-0.66,0.27,"538496,"
Premier Ltd.,PREMIER,Engineering - Industrial Equipments,7.56,2,2023-03,167.11,158.03,2022-03,0.39,-22.48,2,2023-03,0,0,-0.02,-0.44,0,0,"PREMIER,"
Hindustan Appliances Ltd.,531918,Electric Equipment,6.91,2,2023-03,35.86,42.76,2022-03,,-0.35,2,2023-03,0,,0.48,2.46,-2.41,-0.71,"531918,"
Incon Engineers Ltd.,531594,Engineering - Industrial Equipments,6.62,1,2023-03,0.11,6.73,2022-03,1.21,-0.01,1,2023-03,0,0,-7.75,0,0,1.1,"531594,"
Hittco Tools Ltd.,531661,Engineering - Industrial Equipments,6.4,1,2023-03,3.93,10.25,2023-03,7.01,0.62,1,2023-03,10.34,0.4,2.07,1.21,23.24,11.61,"531661,"
Miven Machine Tools Ltd.,522036,Engineering - Industrial Equipments,4.92,1,2023-03,2.24,7.16,2022-03,2.49,-1.49,1,2023-03,0.67,0.08,-1.06,-0.53,0,0,"522036,"
BKM Industries Ltd.,BKMINDST,Engineering - Industrial Equipments,4.92,1,2020-09,131.61,135.45,2020-03,3.74,-28.6,1,2020-12,0,,,5.07,-71.49,-16.31,"BKMINDST,"
Epic Energy Ltd.,530407,Electric Equipment,4.31,1,2023-03,,4.21,2022-03,1.37,-0.44,1,2023-03,0,0,0.68,0,-6.37,-6.94,"530407,"
Starlite Components Ltd.,517548,Electric Equipment,4.12,1,2023-03,4.76,8.39,2022-03,2.05,-0.78,1,2023-03,0,,-0.38,-0.47,0,0,"517548,"
Raasi Refractories Ltd.,502271,Refractories,3.7,1,2023-03,26.97,29.02,2022-03,62.89,1.15,1,2023-03,4.28,0.23,-0.27,-3.15,0,10.43,"502271,"
IMP Powers Ltd.,INDLMETER,Electric Equipment,3.45,2,2023-03,248.33,246.01,2022-03,65.6,-200.93,2,2023-03,0,,-0.02,-1.68,0,-82.68,"INDLMETER,"
Ema India Ltd.,522027,Engineering - Industrial Equipments,2.17,1,2023-03,0.83,3,2022-03,,-0.4,1,2023-03,0,0,-3.54,-7.94,-272.63,-84.17,"522027,"
Max Alert Systems Ltd.,534563,Engineering,1.9,1,2023-03,1.88,3.79,2022-03,4.72,-18.96,1,2023-03,0,,-0.33,-0.33,-507.13,-332.44,"534563,"
Mahavir Industries Ltd.,531648,Electrodes & Welding Equipment,1.82,1,2023-03,,1.82,2020-03,0.1,0,1,2022-03,227.5,,185.71,345.58,-80.44,1.2,"531648,"
Integra Switchgear Ltd.,517423,Electric Equipment,1.5,1,2023-03,0.02,1.52,2022-03,,-0.12,1,2022-12,1.01,0.16,0.71,1.68,-19.59,-6.38,"517423,"
TMT (India) Ltd.,522171,Engineering,1.32,1,2023-03,6.15,7.47,2022-03,0.42,-1.15,1,2023-03,0,,-0.23,-1.45,0,-55.23,"522171,"
A&M Febcon Ltd.,540697,Engineering - Industrial Equipments,1.22,1,2021-06,8.1,9.31,2020-03,10.78,0,1,2021-06,0,,0.1,0.61,0.01,2.58,"540697,"
Silveroak Commercials Ltd.,512197,Electric Equipment,0.72,1,2020-03,12.08,12.79,2019-03,4.42,-7.83,1,2020-03,0,,,-1.99,-3549.96,-77.21,"512197,"
Scan Projects Ltd.,531797,Engineering,0.53,1,2023-03,0.08,0.6,2022-03,5.83,0.28,1,2022-12,3.47,0.19,0.35,0.2,8.12,7.82,"531797,"
MPF Systems Ltd.,532470,Engineering - Industrial Equipments,0.22,1,2023-03,1.21,1.41,2023-03,0.01,-0.09,1,2023-03,0,0,-0.18,-1,0,0,"532470,"
Mirch Technologies (India) Ltd.,505336,Engineering - Industrial Equipments,0.18,1,2023-03,0.44,0.6,2023-03,3.84,0.54,1,2023-03,0.32,0.01,0.34,0.71,222.17,85.72,"505336,"
Procal Electronics India Ltd.,526009,Engineering - Industrial Equipments,0.18,1,2023-03,10.09,10.27,2022-03,,-0.05,1,2023-03,0,,-0.03,-1.89,0,-1.02,"526009,"
