Sector: Chemicals,
Date: 29-Jul-2023,
Note:- Statement: 1 = Standalone and 2 = Consolidated,
Generated by and for: anjanr@wealthwisers.in,

Stock Name,Symbol,Industry,Market Cap(Rs. Cr.),Statement,Period Ending,Total Debt(Rs. Cr.),Enterprise Value(Rs. Cr.),Year Ending,Net Sales (Rs. Cr.),Profit After Tax(Rs. Cr.),TTM Statement,TTM Ending,Price Earning Ratio(TTM),"PEG Ratio ",Price To Book Value(TTM),Debt Equity Ratio,Return On Equity(%),Return On Capital Employed(%),Symbol with Comma for External Upload
Asian Paints Ltd.,ASIANPAINT,Paints,325177.64,2,2023-03,972.21,325306.03,2023-03,34488.59,4195.33,2,2023-06,70.08,4.58,18.57,0.06,28.19,36.98,"ASIANPAINT,"
Pidilite Industries Ltd.,PIDILITIND,Chemicals,133044.95,2,2023-03,163.26,132881.56,2023-03,11799.1,1288.87,2,2023-03,104.43,18.13,18.55,0.02,19.04,25.18,"PIDILITIND,"
Berger Paints India Ltd.,BERGEPAINT,Paints,66037.3,2,2023-03,767.65,66560.26,2023-03,10567.84,860.4,2,2023-03,76.84,5.79,14.71,0.17,20.46,25.6,"BERGEPAINT,"
SRF Ltd.,SRF,Chemicals,64316.78,2,2023-03,4354.06,68054.38,2023-03,14870.25,2162.34,2,2023-06,33.61,0.93,6.03,0.42,22.91,22.62,"SRF,"
PI Industries Ltd.,PIIND,Pesticides & Agrochemicals,54362.88,2,2023-03,0,52119.98,2023-03,6492,1229.5,2,2023-03,44.28,1.62,7.56,0,18.45,21.84,"PIIND,"
UPL Ltd.,UPL,Pesticides & Agrochemicals,46916.73,2,2023-03,22999,63818.73,2022-03,46240,4437,2,2023-03,13.14,0.78,1.75,1.05,22.43,15.26,"UPL,"
Solar Industries India Ltd.,SOLARINDS,Chemicals,34512.91,2,2023-03,1169.23,35422.05,2023-03,6922.53,811.17,2,2023-03,45.54,1.63,13.21,0.45,35.86,36.34,"SOLARINDS,"
The Fertilisers And Chemicals Travancore Ltd.,FACT,Fertilizers,30829.74,2,2023-03,1809.09,30319.36,2022-03,4424.8,353.28,2,2023-03,50.29,1.69,24.2,9.53,7531.71,33.15,"FACT,"
Gujarat Fluorochemicals Ltd.,FLUOROCHEM,Chemicals,29657.85,2,2023-03,1478.25,30975.11,2022-03,3953.59,775.87,2,2023-03,22.32,,5.37,0.36,20.03,20.65,"FLUOROCHEM,"
Coromandel International Ltd.,COROMANDEL,Fertilizers,28839.97,2,2023-03,4.6,27426.81,2023-03,29627.91,2012.93,2,2023-06,14.36,0.6,3.44,0,28.27,40.51,"COROMANDEL,"
Deepak Nitrite Ltd.,DEEPAKNTR,Chemicals,27443.64,2,2023-03,54.48,27458.17,2023-03,7972.06,852,2,2023-03,32.21,0.53,6.71,0.01,22.94,30.13,"DEEPAKNTR,"
Tata Chemicals Ltd.,TATACHEM,Chemicals,26771.06,2,2023-03,6083,32189.06,2023-03,16789,2452,2,2023-03,11.55,0.77,1.36,0.31,12.91,12.37,"TATACHEM,"
Kansai Nerolac Paints Ltd.,KANSAINER,Paints,26506.77,2,2023-03,159.99,26539.9,2023-03,7542.73,468.47,2,2023-03,55.99,,5.82,0.04,10.82,14.71,"KANSAINER,"
Navin Fluorine International Ltd.,NAVINFLUOR,Chemicals,21195.84,2,2023-03,848.65,22009.68,2023-03,2077.4,375.19,2,2023-03,56.53,3.57,9.79,0.39,18.71,21.01,"NAVINFLUOR,"
Sumitomo Chemical India Ltd.,SUMICHEM,Pesticides & Agrochemicals,20317.73,2,2023-03,0,20014.88,2023-03,3510.97,502.21,2,2023-03,40.65,1.44,8.57,0,23.31,30.65,"SUMICHEM,"
Bayer CropScience Ltd.,BAYERCROP,Pesticides & Agrochemicals,19726.21,1,2023-03,0,18858.21,2023-03,5139.7,758.2,1,2023-03,26.02,1.54,7.27,0,28.96,38.67,"BAYERCROP,"
Atul Ltd.,ATUL,Chemicals,19541.94,2,2023-03,46.98,19536.89,2023-03,5427.52,506.63,2,2023-06,43.18,3.27,4.1,0.01,11.13,14.99,"ATUL,"
Vinati Organics Ltd.,VINATIORGA,Chemicals,18613.83,2,2023-03,0.2,18602.46,2022-03,1615.51,346.62,2,2023-03,40.64,,8.39,0.01,20.56,26.59,"VINATIORGA,"
Aarti Industries Ltd.,AARTIIND,Chemicals,16700.56,2,2023-03,2874.03,19373.86,2023-03,6618.58,545.23,2,2023-03,30.63,2.95,3.39,0.58,11.56,10.48,"AARTIIND,"
Godrej Industries Ltd.,GODREJIND,Chemicals,15997.76,2,2023-03,19448.55,32491.32,2023-03,16740.25,1420.64,2,2023-03,16.42,0.67,2.01,2.44,18.83,10.72,"GODREJIND,"
Fine Organic Industries Ltd.,FINEORG,Chemicals,13724.33,2,2023-03,27.2,13228.55,2022-03,1876.26,259.71,2,2023-06,24.66,0.91,8.38,0.06,30.72,38.8,"FINEORG,"
Clean Science And Technology Ltd.,CLEAN,Chemicals,13674.58,2,2023-03,0.05,13662.15,2023-03,935.8,295.18,2,2023-03,46.33,1.87,13.55,0,33.23,44.55,"CLEAN,"
Aether Industries Ltd.,AETHER,Chemicals,13575.05,2,2023-03,0.11,13472.87,2023-03,651.08,130.42,2,2023-06,104.86,,6.72,0,16.01,18.74,"AETHER,"
Alkyl Amines Chemicals Ltd.,ALKYLAMINE,Chemicals,12605.72,1,2023-03,85.49,12672.97,2023-03,1682.34,228.66,1,2023-03,55.13,1.91,10.82,0.07,21.25,27.52,"ALKYLAMINE,"
Akzo Nobel India Ltd.,AKZOINDIA,Paints,12368.75,2,2023-03,0,11804.45,2023-03,3802.1,335.1,2,2023-03,36.93,,9.42,0,26.06,36.55,"AKZOINDIA,"
BASF India Ltd.,BASF,Pesticides & Agrochemicals,11847.71,1,2023-03,0,11480.52,2023-03,13644.77,402.89,1,2023-06,37.16,1.08,4.22,0,16.03,22.13,"BASF,"
Chambal Fertilisers and Chemicals Ltd.,CHAMBLFERT,Fertilizers,11435.31,2,2023-03,3335.27,14712.95,2022-03,16068.83,1566.06,2,2023-03,11.05,0.33,1.62,0.68,26.9,23.69,"CHAMBLFERT,"
Anupam Rasayan India Ltd.,ANURAS,Chemicals,10510.31,2,2023-03,787.59,10733.6,2022-03,1066,152.18,2,2023-03,58.35,1.7,4.44,0.46,9.24,11.27,"ANURAS,"
Gujarat Narmada Valley Fertilizers & Chemicals Ltd.,GNFC,Fertilizers,9108.32,2,2023-03,,7114.32,2022-03,8642.29,1703.75,2,2023-03,6.19,0.13,1,0,24.24,32.74,"GNFC,"
Supreme Petrochem Ltd.,SPLPETRO,Chemicals,8298.26,1,2023-03,0,7948.75,2023-03,5287.2,498.14,1,2023-06,21.94,0.65,4.34,0,29.66,0,"SPLPETRO,"
Indigo Paints Ltd.,INDIGOPNTS,Paints,7481.83,1,2023-03,0,7433.04,2023-03,1073.33,131.94,1,2023-03,56.71,0.55,9.76,0,18.67,22.06,"INDIGOPNTS,"
Balaji Amines Ltd.,BALAMINES,Chemicals,7050.46,2,2023-03,57.57,6871.7,2023-03,2355.4,405.68,2,2023-03,21.66,0.92,4.54,0.04,28.94,39.08,"BALAMINES,"
Laxmi Organic Industries Ltd.,LXCHEM,Chemicals,7000.61,2,2023-03,396.97,7266.73,2023-03,2796.64,124.61,2,2023-06,71.09,6.89,5.05,0.29,9.41,11.62,"LXCHEM,"
Deepak Fertilisers And Petrochemicals Corporation Ltd.,DEEPAKFERT,Fertilizers,6996.22,2,2023-03,3613.37,10110.94,2022-03,7663.29,687.48,2,2023-06,7.89,0.23,1.35,0.67,20.87,19.98,"DEEPAKFERT,"
Chemplast Sanmar Ltd.,CHEMPLASTS,Chemicals,6930.73,2,2023-03,1042.29,6781.13,2023-03,4941.08,152.35,2,2023-03,45.44,,25.8,3.88,89.68,28.51,"CHEMPLASTS,"
Jubilant Ingrevia Ltd.,JUBLINGREA,Chemicals,6767.86,2,2023-03,396.73,7080,2022-03,4949.36,476.71,2,2023-06,23.64,,2.48,0.09,21.89,28.84,"JUBLINGREA,"
Gujarat State Fertilizers & Chemicals Ltd.,GSFC,Fertilizers,6507.14,2,2023-03,0,5067.37,2022-03,9082.64,898.58,2,2023-03,5.14,0.32,0.54,0,8.55,12.59,"GSFC,"
Archean Chemical Industries Ltd.,ACI,Chemicals,6437.52,2,2023-03,21.49,6426.34,2023-03,1441.07,382.56,2,2023-03,16.84,0.35,4.53,0.02,45.39,47.56,"ACI,"
Rashtriya Chemicals and Fertilizers Ltd.,RCF,Fertilizers,6325.1,2,2023-03,1862.65,8123.22,2022-03,12812.17,702.39,2,2023-03,6.55,0.25,1.38,0.76,19.42,17.47,"RCF,"
Himadri Speciality Chemical Ltd.,HSCL,Chemicals,5983.51,2,2023-03,836.2,6194.91,2023-03,4171.84,215.86,2,2023-06,22.71,,2.6,0.38,10.69,12.45,"HSCL,"
PCBL Ltd.,PCBL,Carbon Black,5846.9,2,2023-03,943,6694.31,2023-03,5774.06,442.19,2,2023-06,13.77,0.98,1.99,0.33,16.24,17.96,"PCBL,"
Paradeep Phosphates Ltd.,PARADEEP,Fertilizers,5173.6,2,2023-03,4631.11,9694.86,2022-03,7858.72,397.84,2,2023-03,17.01,,1.48,1.33,19.63,15.01,"PARADEEP,"
Elantas Beck India Ltd.,500123,Chemicals,5055.4,1,2022-12,0,5013.13,2022-12,644.7,97.78,1,2023-03,48.55,5.06,8.04,0,17.73,23.52,"500123,"
GHCL Ltd.,GHCL,Chemicals,4980.5,2,2023-03,346.04,5186.77,2023-03,4545.42,1115.8,2,2023-03,4.37,0.18,1.27,0.09,31.78,36.83,"GHCL,"
Rossari Biotech Ltd.,ROSSARI,Chemicals,4828.86,2,2023-03,73.93,4778.22,2023-03,1655.88,107.26,2,2023-03,44.87,1.5,5.28,0.08,12.52,18.48,"ROSSARI,"
Gujarat Alkalies And Chemicals Ltd.,GUJALKALI,Chemicals,4821.5,2,2023-03,595.81,4934.4,2022-03,3758.74,559.76,2,2023-03,11.9,0.93,0.79,0.1,9.93,13.47,"GUJALKALI,"
Privi Speciality Chemicals Ltd.,PRIVISCL,Chemicals,4264.08,2,2023-03,1056.11,5295.21,2023-03,1607.82,21.28,2,2023-03,190.96,,5.12,1.27,2.59,5.58,"PRIVISCL,"
Rallis India Ltd.,RALLIS,Pesticides & Agrochemicals,4253.03,2,2023-03,103.79,4310.77,2022-03,2603.93,164.2,1,2023-06,48.62,14.39,2.37,0.03,9.99,13.53,"RALLIS,"
Sharda Cropchem Ltd.,SHARDACROP,Pesticides & Agrochemicals,4059.02,2,2023-03,2.96,3880.12,2023-03,4045.16,341.98,2,2023-06,17.58,1.42,1.89,0,16.5,21.55,"SHARDACROP,"
Neogen Chemicals Ltd.,NEOGEN,Chemicals,3907.37,2,2023-03,362.21,4248.88,2022-03,487.25,44.63,2,2023-03,78.74,1.87,8.15,0.51,14.34,14.33,"NEOGEN,"
Meghmani Finechem Ltd,MFL,Chemicals,3838.82,2,2023-03,876.14,4699.85,2023-03,2188.4,353.29,2,2023-03,10.87,,3.59,0.82,39.36,32.2,"MFL,"
Bharat Rasayan Ltd.,BHARATRAS,Pesticides & Agrochemicals,3714.17,2,2023-03,27.94,3708.47,2022-03,1300.97,177.13,2,2023-03,29.74,,4.15,0.23,23.66,28.01,"BHARATRAS,"
Tatva Chintan Pharma Chem Ltd.,TATVA,Chemicals,3609.03,2,2023-03,170.26,3734.52,2022-03,433.65,95.87,2,2023-03,79.48,,7.02,0.25,30.01,25.73,"TATVA,"
Nocil Ltd.,NOCIL,Chemicals,3572.88,2,2023-03,0,3515.48,2023-03,1616.57,149.15,2,2023-03,23.96,,2.31,0,9.99,13.56,"NOCIL,"
National Fertilizers Ltd.,NFL,Fertilizers,3468.39,2,2023-03,3990.93,7443.66,2022-03,15857.09,-95.01,2,2023-03,7.58,,1.37,1.55,-4.54,1.7,"NFL,"
Dhanuka Agritech Ltd.,DHANUKA,Pesticides & Agrochemicals,3434.33,2,2023-03,3.81,3433.85,2023-03,1700.22,233.5,2,2023-03,14.68,1.12,3.23,0,23.1,30.2,"DHANUKA,"
Sudarshan Chemical Industries Ltd.,SUDARSCHEM,Dyes & Pigments,3371.02,2,2023-03,817.5,4159.1,2023-03,2301.73,44.77,2,2023-03,75.43,,4.09,0.99,5.41,6.29,"SUDARSCHEM,"
Fineotex Chemical Ltd.,FCL,Chemicals,3258.77,2,2023-03,7.28,3205.58,2022-03,368.23,56.89,2,2023-03,36.9,2.25,9.35,0.01,24.13,31.12,"FCL,"
Best Agrolife Ltd.,539660,Pesticides & Agrochemicals,2806.75,2,2023-03,557.65,3276.31,2022-03,1210.8,104.76,2,2023-03,14.61,,5.45,0.81,46.31,41.87,"539660,"
Madhya Bharat Agro Products Ltd.,MBAPL,Fertilizers,2671.75,1,2023-03,322.55,2973.02,2022-03,491.49,57.02,1,2023-03,21.51,0.58,8.14,0.8,32.15,30.15,"MBAPL,"
Camlin Fine Sciences Ltd.,CAMLINFINE,Chemicals,2622.41,2,2023-03,779.59,3302.77,2023-03,1681.56,39.81,2,2023-03,50.12,1.54,3.08,1.05,5.71,10.24,"CAMLINFINE,"
Grauer & Weil (India) Ltd.,GRAUWEIL,Chemicals,2552.71,2,2023-03,19.17,2284.55,2023-03,981.12,112.95,2,2023-03,22.6,1.84,3.76,0.03,17.91,23.76,"GRAUWEIL,"
India Pesticides Ltd.,IPL,Pesticides & Agrochemicals,2522.66,2,2023-03,3.58,2465.15,2022-03,716.14,157.95,2,2023-03,17.61,,3.26,0.02,30.75,40.75,"IPL,"
Astec Lifesciences Ltd.,ASTEC,Pesticides & Agrochemicals,2462.53,2,2023-03,341.18,2801.55,2023-03,628.17,25.59,2,2023-06,409.43,,5.95,0.81,6.28,7.75,"ASTEC,"
Vishnu Chemicals Ltd.,VISHNU,Chemicals,2259.29,2,2023-03,378.53,2616.84,2023-03,1390.99,136.56,2,2023-03,16.57,0.29,5.46,0.91,39.51,30.71,"VISHNU,"
Foseco India Ltd.,FOSECOIND,Chemicals,2227.34,1,2023-06,,2018.06,2022-12,406.74,45.97,1,2023-06,34.22,4.39,8.73,0,20.6,27.47,"FOSECOIND,"
Sadhana Nitro Chem Ltd.,SADHNANIQ,Chemicals,2214.88,2,2023-03,131.85,2337.77,2022-03,131.72,6.22,2,2023-03,696.75,10.71,9.96,0.84,5.03,5.85,"SADHNANIQ,"
Bhansali Engineering Polymers Ltd.,BEPL,Chemicals,2128.98,2,2023-03,0,1849.49,2023-03,1362.56,136.76,2,2023-06,15.23,2.36,1.89,0,13.35,19.21,"BEPL,"
Meghmani Organics Ltd.,MOL,Chemicals,2103.94,2,2023-03,820.46,2891.76,2023-03,2552.62,237.71,2,2023-03,8.85,,1.26,0.49,15.16,17.02,"MOL,"
Paushak Ltd.,532742,Chemicals,2092.32,1,2023-03,0,2091.38,2023-03,212.35,54.01,1,2023-03,38.74,1.99,5.92,0,16.38,22,"532742,"
Styrenix Performance Materials Ltd.,STYRENIX,Chemicals,2068.16,1,2023-03,9.81,1832.78,2023-03,2372.27,183.01,1,2023-03,11.3,0.5,2.89,0.01,23.3,31.72,"STYRENIX,"
Thirumalai Chemicals Ltd.,TIRUMALCHM,Chemicals,1987.35,2,2023-03,441.13,1883.95,2023-03,2132.24,89.83,2,2023-06,49.16,,1.65,0.37,7.89,11.16,"TIRUMALCHM,"
Yasho Industries Ltd.,541167,Chemicals,1964.03,2,2023-03,316.1,2266.38,2023-03,671.55,67.87,2,2023-03,28.97,,8.26,1.33,33.03,23.51,"541167,"
Vidhi Specialty Food Ingredients Ltd.,VIDHIING,Dyes & Pigments,1941.36,2,2023-03,49.68,1983.5,2022-03,537.05,58.57,2,2023-03,51.63,,7.76,0.42,30.96,33.2,"VIDHIING,"
GOCL Corporation Ltd.,GOCLCORP,Chemicals,1908.05,2,2023-03,1767.46,3596.09,2022-03,498.15,176.1,2,2023-03,9.03,0.66,1.35,1.38,15.2,9.87,"GOCLCORP,"
India Glycols Ltd.,INDIAGLYCO,Chemicals,1891.59,2,2023-03,1094.07,2872.4,2022-03,2868.31,308.7,2,2023-03,15.08,0.55,0.99,0.58,20.87,16.46,"INDIAGLYCO,"
Jyoti Resins & Adhesives Ltd.,514448,Chemicals,1729.26,1,2023-03,0,1698.38,2022-03,181.96,19.76,1,2023-06,35.7,0.3,24.89,0,54.24,72.43,"514448,"
Tanfac Industries Ltd.,506854,Chemicals,1695.1,1,2023-03,,1682.42,2022-03,320.17,53.28,1,2023-06,25.86,0.35,8.36,0,49.13,68.2,"506854,"
NACL Industries Ltd.,NACLIND,Pesticides & Agrochemicals,1656.55,2,2023-03,720.84,2303.93,2022-03,1640.16,73.42,2,2023-06,39.71,0.67,3.1,1.08,16.26,15.52,"NACLIND,"
SH Kelkar And Company Ltd.,SHK,Chemicals,1589.07,2,2023-03,580.56,2102.41,2023-03,1686.52,62.95,2,2023-03,26.09,,1.5,0.55,6.06,7.75,"SHK,"
Primo Chemicals Ltd.,506852,Chemicals,1543.97,2,2023-03,144.35,1657.27,2022-03,454.07,56.72,2,2023-03,11.24,,4.09,0.26,38.35,47.22,"506852,"
Fairchem Organics Ltd.,FAIRCHEMOR,Chemicals,1529.44,1,2023-03,50.17,1579.54,2023-03,648.04,43.5,1,2023-03,35.16,,5.9,0.19,17.7,21.49,"FAIRCHEMOR,"
Oriental Aromatics Ltd.,OAL,Chemicals,1507.34,2,2023-03,228.84,1718.8,2023-03,849.07,19.74,2,2023-03,76.71,,2.42,0.37,3.21,5.07,"OAL,"
Kiri Industries Ltd.,KIRIINDUS,Dyes & Pigments,1470.54,2,2023-03,45.18,1417.19,2022-03,1496.91,388.77,2,2023-03,13.76,1.74,0.55,0.04,16.35,16.35,"KIRIINDUS,"
The Andhra Sugars Ltd.,ANDHRSUGAR,Chemicals,1467.85,2,2023-03,23.18,1430.82,2022-03,1961.65,167.93,2,2023-03,7.89,0.53,0.95,0.04,11.93,15.56,"ANDHRSUGAR,"
Heranba Industries Ltd.,HERANBA,Pesticides & Agrochemicals,1444.89,1,2023-03,89.01,1415.27,2022-03,1450.37,189.06,1,2023-03,13.12,0.22,1.77,0.07,30.43,38.56,"HERANBA,"
Valiant Organics Ltd.,VALIANTORG,Chemicals,1404.51,2,2023-03,272.4,1668.76,2022-03,1153.27,127.91,2,2023-03,15.87,,2.03,0.59,22.95,21.65,"VALIANTORG,"
Bhagiradha Chemicals & Industries Ltd.,BHAGCHEM,Pesticides & Agrochemicals,1391.53,2,2023-03,49.82,1437.47,2023-03,502.09,45.15,2,2023-03,30.32,,4.37,0.16,17.95,21.72,"BHAGCHEM,"
Southern Petrochemical Industries Corporation Ltd.,SPIC,Fertilizers,1348.71,2,2023-03,398.47,1729.75,2022-03,1874.92,163.34,2,2023-03,4.49,0.11,1.43,0.43,27.01,23.26,"SPIC,"
IG Petrochemicals Ltd.,IGPL,Chemicals,1330.65,2,2023-03,248.67,1387.7,2022-03,1882.76,264.5,2,2023-03,6.65,0.32,1.08,0.16,28.08,33.25,"IGPL,"
Krishana Phoschem Ltd.,KRISHANA,Fertilizers,1322.8,1,2023-03,276.36,1599.17,2022-03,319.36,29.46,1,2023-03,49.48,0.9,5.05,0.32,16.3,20.49,"KRISHANA,"
DCW Ltd.,DCW,Chemicals,1314.62,1,2023-03,504.86,1651.08,2022-03,2454.74,107.51,1,2023-03,6.85,0.19,1.28,0.69,14.51,19.25,"DCW,"
Mangalore Chemicals & Fertilizers Ltd.,MANGCHEFER,Fertilizers,1286.48,1,2023-03,1357.67,2278.3,2022-03,2895.58,87.86,1,2023-03,9.55,0.27,1.6,1.96,13.62,10.54,"MANGCHEFER,"
Madras Fertilizers Ltd.,MADRASFERT,Fertilizers,1281.4,1,2023-03,1494.07,2376.32,2022-03,2302.16,162.05,1,2023-03,6.91,0.07,-3.99,-3.43,0,27.88,"MADRASFERT,"
Insecticides (India) Ltd.,INSECTICID,Pesticides & Agrochemicals,1266.64,2,2023-03,159.07,1406.01,2022-03,1503.96,107.43,2,2023-03,19.9,1.6,1.37,0.06,12.71,16.13,"INSECTICID,"
Sree Rayalaseema Hi-Strength Hypo Ltd.,SRHHYPOLTD,Chemicals,1244.19,2,2023-03,11.9,1027.1,2022-03,1267.27,102.78,2,2023-03,8.05,,1.65,0.03,21.45,26.99,"SRHHYPOLTD,"
Shivalik Rasayan Ltd.,SHIVALIK,Pesticides & Agrochemicals,1175.29,2,2023-03,57.71,1233.01,2022-03,214.75,34.25,2,2023-03,55.35,1.53,3.06,0.16,16.04,15.76,"SHIVALIK,"
Excel Industries Ltd.,EXCELINDUS,Pesticides & Agrochemicals,1155.62,2,2023-03,0.89,1069.57,2022-03,1178.02,161.2,2,2023-03,14.45,0.28,0.93,0,16.11,21.52,"EXCELINDUS,"
Manali Petrochemicals Ltd.,MANALIPETC,Chemicals,1121.26,2,2023-03,6.6,743.18,2022-03,1671.94,381.08,2,2023-03,22.13,0.38,1.07,0.02,44.56,59.64,"MANALIPETC,"
Shalimar Paints Ltd.,SHALPAINTS,Paints,1111.78,2,2023-03,138.89,1227.25,2022-03,358.1,-64.23,2,2023-03,0,,3.18,0.39,-21.6,-9.68,"SHALPAINTS,"
Ultramarine & Pigments Ltd.,506685,Chemicals,1099.67,2,2023-03,65.75,1132.84,2023-03,556.6,69.2,2,2023-06,16.02,,1.46,0.09,8.68,11.23,"506685,"
Ganesh Benzoplast Ltd.,GANESHBE,Chemicals,1086,2,2023-03,19.21,1068.52,2022-03,357.51,32.69,2,2023-03,19.72,,2.81,0.08,13.14,16.45,"GANESHBE,"
Premier Explosives Ltd.,PREMEXPLN,Chemicals,1036.89,2,2023-03,83,1112.89,2022-03,199.13,5.22,2,2023-06,74.74,,5.11,0.41,2.79,5.58,"PREMEXPLN,"
Punjab Chemicals & Crop Protection Ltd.,PUNJABCHEM,Pesticides & Agrochemicals,1030.58,2,2023-03,93.97,1113.1,2023-03,1006.21,61.1,2,2023-03,17.1,0.5,3.72,0.33,24.14,30.83,"PUNJABCHEM,"
TGV SRACC Ltd.,507753,Chemicals,1012.96,1,2023-03,213.36,1163.94,2022-03,1525.32,134.53,1,2023-03,2.8,0.05,0.97,0.59,19.88,22.93,"507753,"
Transpek Industry Ltd.,506687,Pesticides & Agrochemicals,987.14,2,2023-03,78.34,1040,2022-03,599.11,65.4,2,2023-03,11.83,0.7,1.68,0.27,15.14,17.43,"506687,"
Chemcon Speciality Chemicals Ltd.,CHEMCON,Chemicals,986.1,1,2023-03,63.97,919.25,2022-03,257.11,62.76,1,2023-03,17.89,0.21,2.16,0.09,16.28,20.85,"CHEMCON,"
Heubach Colorants India Ltd.,HEUBACHIND,Chemicals,955.7,1,2023-03,,916.88,2022-03,839.51,43.32,1,2023-06,39.46,3.26,2.13,0,10.55,12.17,"HEUBACHIND,"
Dhunseri Ventures Ltd.,DVL,Chemicals,946.54,2,2023-03,339.08,1011.01,2022-03,263.92,11.57,2,2023-03,1.74,0.03,0.36,0.04,0.63,5.64,"DVL,"
Sigachi Industries Ltd.,SIGACHI,Chemicals,938.41,2,2023-03,40.49,946.15,2022-03,250.29,40.04,2,2023-03,21.64,,3.51,0.15,24.87,27.93,"SIGACHI,"
Bodal Chemicals Ltd.,BODALCHEM,Dyes & Pigments,868.58,2,2023-03,697.48,1547.38,2022-03,2050.62,98.66,2,2023-03,22.84,,0.81,0.64,9.7,10.84,"BODALCHEM,"
National Peroxide Ltd.,500298,Chemicals,845.76,2,2023-03,13.89,852.04,2022-03,225.94,5.43,2,2023-03,19.89,,0.93,0.1,0.55,1.53,"500298,"
HP Adhesives Ltd.,HPAL,Chemicals,815.48,1,2023-03,4.63,818.71,2022-03,164.6,6.01,1,2023-03,75.1,,5.5,0.1,8.01,10.97,"HPAL,"
DMCC Speciality Chemicals Ltd.,DMCC,Chemicals,808.93,2,2023-03,81.18,887.67,2022-03,326.3,21.34,2,2023-03,118.02,25.68,4.13,0.48,11.64,15.39,"DMCC,"
Oriental Carbon & Chemicals Ltd.,OCCL,Chemicals,802.85,2,2023-03,160.53,955.74,2023-03,535.86,53.59,2,2023-03,16.53,,1.34,0.27,9.21,11.07,"OCCL,"
Jubilant Industries Ltd.,JUBLINDS,Chemicals,783.41,2,2023-03,169.73,948.58,2022-03,1165.8,54.62,2,2023-03,12.55,0.13,3.83,1.07,48.91,34.55,"JUBLINDS,"
Indo Amines Ltd.,INDOAMIN,Chemicals,776.97,2,2023-03,232.07,990.78,2022-03,786.04,23.05,2,2023-03,19.11,2.67,3.49,1.11,13.25,13.58,"INDOAMIN,"
Tuticorin Alkali Chemicals and Fertilizers Ltd.,506808,Chemicals,765.86,1,2023-03,3.83,769.66,2022-03,174.52,-33.97,1,2023-03,7.57,10.71,-3.66,-0.02,0,0,"506808,"
Nitta Gelatin India Ltd.,506532,Chemicals,712.8,2,2023-03,39.23,721.21,2023-03,565.37,73.9,2,2023-03,10.14,0.14,2.66,0.15,31.55,34.77,"506532,"
Black Rose Industries Ltd.,514183,Chemicals,679.58,2,2023-03,5,664.45,2022-03,487.88,31.9,2,2023-03,86.3,1.93,5.38,0.11,29.63,36.15,"514183,"
Jayant Agro-Organics Ltd.,JAYAGROGN,Chemicals,666.3,2,2023-03,83.76,737.58,2023-03,2771.61,51.87,2,2023-03,13.57,,1.32,0.17,10.65,13.96,"JAYAGROGN,"
Bhageria Industries Ltd.,BHAGERIA,Dyes & Pigments,665.36,2,2023-03,38.07,682.29,2022-03,601.3,70.6,2,2023-03,45.32,,1.32,0.07,14.73,18.95,"BHAGERIA,"
Sunshield Chemicals Ltd.,530845,Chemicals,664.09,1,2023-03,77.12,739.42,2022-03,244,27.48,1,2023-03,48.62,1.73,10.06,1.46,68.85,35.72,"530845,"
Zuari Agro Chemicals Ltd.,ZUARI,Fertilizers,646.43,2,2022-09,689.59,1313.45,2022-03,3589.8,6.29,1,2022-12,0.81,0.03,1.01,7.2,2.23,8.95,"ZUARI,"
Tinna Rubber And Infrastructure Ltd.,530475,Chemicals,623.3,2,2023-03,58.67,677.8,2022-03,237.16,16.82,2,2023-03,28.59,0.93,6.49,0.89,23.34,23,"530475,"
Khaitan Chemicals & Fertilizers Ltd.,KHAICHEM,Fertilizers,615.2,1,2023-03,221.15,819.97,2023-03,887.82,37.36,1,2023-03,16.47,0.19,2.09,0.75,13.68,15.67,"KHAICHEM,"
Bharat Agri Fert & Realty Ltd.,531862,Fertilizers,605.46,2,2023-03,26.96,631.63,2022-03,23.01,0.43,2,2023-03,0,0,11.96,0.39,0.73,3.23,"531862,"
Nikhil Adhesives Ltd.,526159,Chemicals,588.53,1,2023-03,20.68,604.39,2022-03,813.75,25.26,1,2023-03,34.54,0.53,5.79,0.32,34.53,39.74,"526159,"
Shree Pushkar Chemicals & Fertilisers Ltd.,SHREEPUSHK,Dyes & Pigments,581.92,2,2023-03,65.14,641.86,2022-03,584,55.55,2,2023-03,15.7,1.21,1.34,0.23,15.2,16.47,"SHREEPUSHK,"
Diamines & Chemicals Ltd.,500120,Chemicals,573,2,2023-03,0,546.02,2023-03,110.56,41.91,2,2023-03,13.7,0.09,4.27,0,35.72,48.14,"500120,"
Dharmaj Crop Guard Ltd.,DHARMAJ,Pesticides & Agrochemicals,572.86,1,2023-03,18.9,591.77,2022-03,394.21,28.69,1,2023-03,17.3,,1.78,0.43,40.62,40.12,"DHARMAJ,"
Indo Borax & Chemicals Ltd.,INDOBORAX,Chemicals,563.5,2,2023-03,,477.68,2022-03,175.72,36.37,2,2023-03,11.08,0.31,2.2,0,19.14,26.34,"INDOBORAX,"
Plastiblends India Ltd.,PLASTIBLEN,Chemicals,556.56,1,2023-03,0,554.06,2023-03,768.52,26.85,1,2023-06,22.7,,1.38,0,6.92,9.53,"PLASTIBLEN,"
Nagarjuna Fertilizers and Chemicals Ltd.,NAGAFERT,Fertilizers,537.06,2,2023-03,2841.9,3338.55,2022-03,2692.33,-689.02,2,2023-03,0,,-0.26,-1.92,0,-26.11,"NAGAFERT,"
Chembond Chemicals Ltd.,CHEMBOND,Chemicals,536.25,2,2023-03,7.31,522.98,2023-03,440.07,24.77,2,2023-03,21.81,9.23,1.67,0.02,7.92,10.94,"CHEMBOND,"
Kanoria Chemicals & Industries Ltd.,KANORICHEM,Chemicals,525.63,2,2023-03,507.6,1011.89,2022-03,1369.12,2.23,2,2023-03,0,0,0.87,0.79,0.38,3.71,"KANORICHEM,"
Andhra Petrochemicals Ltd.,500012,Chemicals,503.97,1,2023-03,7.83,234.81,2023-03,682.98,20.41,1,2023-06,0,,1,0.02,4.05,7.4,"500012,"
Goa Carbon Ltd.,GOACARBON,Carbon Black,500.52,1,2023-03,422.2,721.02,2023-03,1364.36,80.75,1,2023-06,6.35,0.75,2.52,2.27,53.72,32.09,"GOACARBON,"
Amines & Plasticizers Ltd.,506248,Chemicals,474.77,2,2023-03,84.79,550.36,2022-03,563.17,23.86,2,2023-03,20.9,2.09,2.62,0.44,15.75,18.26,"506248,"
Chemcrux Enterprises Ltd.,540395,Chemicals,473.73,2,2023-03,13.42,480.06,2022-03,95.27,14.92,1,2023-03,32.99,,7.13,0.16,27.26,31.7,"540395,"
Chemfab Alkalis Ltd.,CHEMFAB,Chemicals,459.92,2,2023-03,0.01,456.26,2022-03,271.59,28.75,2,2023-06,8.69,,1.23,0.02,10.2,13.34,"CHEMFAB,"
Rama Phosphates Ltd.,RAMAPHO,Fertilizers,447.9,1,2023-03,110.87,552.39,2023-03,874.83,40.93,1,2023-03,10.94,0.22,1.45,0.36,14.15,17.05,"RAMAPHO,"
DIC India Ltd.,DICIND,Chemicals,413.42,1,2022-12,0,346.2,2022-12,871.99,40.98,1,2023-03,10.44,0.11,0.98,0,10.14,11.88,"DICIND,"
Mangalam Organics Ltd.,MANORG,Chemicals,387.2,2,2023-03,190.47,576.22,2022-03,490.65,53.74,2,2023-03,0,,1.41,0.7,19.34,19.55,"MANORG,"
Lords Chloro Alkali Ltd.,500284,Chemicals,374.67,1,2023-03,15.96,329.52,2022-03,240.08,32.28,1,2023-03,7.04,0.1,2.21,0.3,32.27,34.73,"500284,"
Dynemic Products Ltd.,DYNPRO,Dyes & Pigments,359.46,2,2023-03,147.97,505.44,2022-03,251.93,14.3,2,2023-03,0,0,1.97,1.02,8.75,9.71,"DYNPRO,"
Kilpest India Ltd.,532067,Pesticides & Agrochemicals,357.2,2,2023-03,2.03,300.02,2022-03,80.65,32.2,2,2023-03,15.76,0.17,2.33,0.02,22.59,29.92,"532067,"
Vikas EcoTech Ltd.,VIKASECO,Chemicals,352.96,1,2023-03,61.78,410.73,2022-03,250.42,1.39,1,2023-03,37.05,,1.23,0.41,0.78,7.05,"VIKASECO,"
Poddar Pigments Ltd.,PODDARMENT,Dyes & Pigments,351.03,1,2023-03,,316.18,2022-03,295.54,21.25,1,2023-03,12.84,13.47,1.2,0,7.58,10.42,"PODDARMENT,"
Amal Ltd.,506597,Chemicals,324.58,2,2023-03,34.79,359.37,2022-03,43.48,1.11,2,2023-06,0,,4.94,1.44,3.19,4.07,"506597,"
Alufluoride Ltd.,524634,Chemicals,312.74,2,2023-03,23.29,333.51,2023-03,136.11,12.49,2,2023-03,24.53,,4.62,0.34,20.21,24.53,"524634,"
Vikram Thermo (India) Ltd.,530477,Chemicals,298.31,1,2023-03,18.51,313.3,2022-03,92.57,8.69,1,2023-03,17.64,1.35,3.33,0.2,12.49,15.38,"530477,"
Dai-Ichi Karkaria Ltd.,526821,Chemicals,290.56,2,2023-03,38.21,320.38,2022-03,121.84,-18.27,2,2023-03,14.4,,1.7,0.14,-11.41,-9.26,"526821,"
Indian Toners & Developers Ltd.,523586,Chemicals,282.53,2,2023-03,,264.22,2022-03,119.6,20.74,1,2023-03,10.74,,1.5,0,12.8,15.84,"523586,"
Ducol Organics & Colours Ltd.,DUCOL,Paints,282,1,2023-03,12.8,294.8,2022-03,87.99,4.91,1,2023-03,46.14,0.36,4.66,0.92,25.56,24.14,"DUCOL,"
Asahi Songwon Colors Ltd.,ASAHISONG,Dyes & Pigments,276.23,2,2023-03,179.68,447.1,2022-03,415.38,14.65,2,2023-03,0,,1.26,0.36,6.24,8.43,"ASAHISONG,"
Cochin Minerals & Rutile Ltd.,513353,Chemicals,268.61,1,2023-03,4.92,223.25,2022-03,289.76,6.21,1,2023-03,4.76,0.19,1.84,0,7.02,9.08,"513353,"
Narmada Gelatines Ltd.,526739,Chemicals,261.04,1,2023-03,,251.85,2022-03,157.16,12.34,1,2023-03,17.08,1.13,2.78,0,8.69,10.92,"526739,"
Vital Chemtech Ltd.,VITAL,Chemicals,252.8,1,2023-03,23.95,276.75,2022-03,57.61,6.71,1,2023-03,31.4,,2.82,2.62,50.17,23.29,"VITAL,"
India Gelatine & Chemicals Ltd.,531253,Chemicals,250.75,1,2023-03,10.07,251.69,2022-03,159.84,5.61,1,2023-03,10.49,0.87,1.84,0,4.99,6.7,"531253,"
Par Drugs And Chemicals Ltd.,PAR,Chemicals,236.8,1,2023-03,,236.8,2022-03,75.07,9.21,1,2023-03,20.89,0.55,3.32,0,16.44,21.85,"PAR,"
Indokem Ltd.,504092,Chemicals,230.49,1,2022-03,12.23,242.14,2022-03,113.56,2.83,2,2011-03,0,,,0.35,8.48,9.42,"504092,"
Infinium Pharmachem Ltd.,INFINIUM,Chemicals,228.47,2,2023-03,,225.15,2022-03,99.12,6.69,1,2023-03,24.97,,5.45,1.72,66.44,38.88,"INFINIUM,"
Titan Bio-Tech Ltd.,524717,Chemicals,217.5,2,2023-03,7,224.5,2022-03,152.81,28.55,2,2023-03,8.81,0.14,1.99,0.2,35.32,39.42,"524717,"
Aries Agro Ltd.,ARIES,Fertilizers,214.25,2,2023-03,95.54,305.01,2022-03,440.03,12.94,2,2023-03,12.53,0.93,0.88,0.47,5.95,13.26,"ARIES,"
Deep Polymers Ltd.,541778,Chemicals,207.5,1,2023-03,48.67,256.18,2022-03,137.66,11.11,2,2023-03,20.74,0.38,3.18,0.86,26.99,27.66,"541778,"
Aksharchem (India) Ltd.,AKSHARCHEM,Dyes & Pigments,195.41,1,2023-03,24.63,218.29,2022-03,380.34,15.91,1,2023-03,0,,0.7,0.18,5.7,6.46,"AKSHARCHEM,"
Kanchi Karpooram Ltd.,538896,Chemicals,190.78,1,2023-03,,169.84,2022-03,251.36,30.68,1,2023-03,13.56,0.23,0.96,0,18,25.5,"538896,"
Hindustan Organic Chemicals Ltd.,500449,Chemicals,190.1,2,2023-03,91.67,83.63,2022-03,433.67,-29.37,2,2023-03,0,0,-0.19,-0.84,0,0,"500449,"
Jocil Ltd.,JOCIL,Chemicals,177.93,1,2023-03,1.6,172.88,2022-03,753.59,7.13,1,2023-03,17.8,,0.86,0.02,3.57,4.8,"JOCIL,"
IVP Ltd.,IVP,Chemicals,172.45,1,2023-03,119.64,291.38,2023-03,660.95,28.02,1,2023-03,6.15,0.79,1.45,1.01,26.64,20.63,"IVP,"
Basant Agro Tech (India) Ltd.,524687,Fertilizers,172.19,1,2023-03,123.89,294.9,2022-03,448.16,18.99,1,2023-03,9.37,0.33,1.01,0.48,13.18,12.66,"524687,"
Keltech Energies Ltd.,506528,Chemicals,160.76,1,2023-03,30.68,182.56,2023-03,562.85,11.92,1,2023-03,13.48,1.41,1.98,0.38,15.73,20.85,"506528,"
Polson Ltd.,507645,Chemicals,139.22,1,2023-03,46.06,184.7,2022-03,97.53,6.23,1,2023-03,28.82,,1.2,0.54,5.79,8.21,"507645,"
Vipul Organics Ltd.,530627,Dyes & Pigments,134.4,2,2023-03,31.33,159.95,2022-03,133.2,6.97,2,2023-03,71.72,2.12,2.53,0.56,15.35,15.29,"530627,"
Arvee Laboratories (India) Ltd.,ARVEE,Chemicals,130.59,1,2023-03,,127.33,2022-03,40.33,2.57,1,2023-03,31.7,2.98,4.65,0.13,11.36,13.33,"ARVEE,"
Ishan Dyes & Chemicals Ltd.,531109,Dyes & Pigments,118.93,1,2023-03,22.43,141.36,2022-03,87.4,10.11,1,2023-03,0,0,1.17,0.24,14.2,17.55,"531109,"
Beardsell Ltd.,539447,Chemicals,115.94,2,2023-03,32.55,148.49,2022-03,186.13,2.81,2,2023-03,13.56,,1.85,0.54,6.24,11.38,"539447,"
Aimco Pesticides Ltd.,524288,Pesticides & Agrochemicals,115.18,2,2023-03,12.62,126.05,2022-03,311.99,10.66,2,2023-03,0,,2.49,0,23.35,31.46,"524288,"
Resonance Specialties Ltd.,524218,Chemicals,113.43,1,2023-03,2.22,111.36,2023-03,58.81,5,1,2023-03,22.68,0.4,2.27,0.04,10.39,14.14,"524218,"
Alkali Metals Ltd.,ALKALI,Chemicals,106.56,1,2023-03,18.58,123.83,2022-03,91.02,3.48,1,2023-06,58.65,1.44,2.05,0.34,6.98,11.03,"ALKALI,"
Hindprakash Industries Ltd.,HPIL,Dyes & Pigments,106.11,1,2023-03,21.41,126.63,2022-03,103.69,2.81,1,2023-03,43.15,7.79,2.49,0.23,7.43,10.05,"HPIL,"
Archit Organosys Ltd.,524640,Chemicals,98.5,1,2023-03,30.95,129.45,2022-03,136.66,8.23,2,2023-03,8.68,0.24,,0.62,18.08,17.97,"524640,"
Prolife Industries Ltd.,PROLIFE,Chemicals,96.21,1,2023-03,1.92,98.13,2022-03,73.17,4.3,1,2023-03,13.92,0.37,3.76,0.18,18.32,22.56,"PROLIFE,"
Sikko Industries Ltd.,SIKKO,Pesticides & Agrochemicals,94.67,1,2023-03,8.61,103.28,2022-03,51.03,1.88,1,2023-03,32.73,0.9,3.19,0.08,9.28,12.9,"SIKKO,"
Hindcon Chemicals Ltd.,HINDCON,Chemicals,91.17,2,2023-03,0.98,81.79,2022-03,66.62,4.26,2,2023-03,21.11,1.38,1.98,0.03,11.43,16.26,"HINDCON,"
MCON Rasayan India Ltd.,MCON,Chemicals,90.77,1,2023-03,8.47,99.25,2022-03,19.22,0.44,1,2023-03,79.98,,9.8,3.35,22.22,13.99,"MCON,"
Eiko Lifesciences Ltd.,540204,Chemicals,90.11,1,2023-03,,90.11,2022-03,25.41,0.71,1,2023-06,117.33,3.56,1.65,0.16,4.05,5.96,"540204,"
Bohra Industries Ltd.,BOHRAIND,Fertilizers,89.57,1,2023-03,0.53,90.1,2022-03,,-2.62,1,2023-03,0,,1.59,0.38,-18.63,-3.96,"BOHRAIND,"
Genpharmasec Ltd.,531592,Dyes & Pigments,88.6,1,2023-03,3.08,89.68,2022-03,27.32,-0.21,1,2023-03,78.82,,5.37,0,-1.39,-2.46,"531592,"
Mysore Petro Chemicals Ltd.,506734,Chemicals,82.95,2,2023-03,,75.64,2022-03,20.9,32.69,2,2023-03,4.03,0.23,0.39,0,18.27,23.95,"506734,"
Ambani Organics Ltd.,AMBANIORG,Chemicals,81.18,2,2023-03,66.69,147.87,2022-03,124.99,2.01,1,2023-03,42.55,2.79,2.53,1.3,8.17,8.92,"AMBANIORG,"
Auro Impex & Chemicals Ltd.,AUROIMPEX,Chemicals,74.97,2,2023-03,48.8,111.01,2023-03,231.99,6,1,2023-03,13.46,,1.92,2.78,41.23,20.78,"AUROIMPEX,"
Jaysynth Dyestuff (India) Ltd.,506910,Dyes & Pigments,73,2,2023-03,0.53,59.05,2022-03,162.31,7.15,2,2023-03,15.18,2.09,0.76,0.04,8.13,11.54,"506910,"
Agro Phos India Ltd.,AGROPHOS,Fertilizers,68.32,1,2023-03,27.05,92.56,2022-03,116.06,5.83,1,2023-03,13.66,0.37,1.31,0.27,13.16,15.17,"AGROPHOS,"
Ushanti Colour Chem Ltd.,UCL,Chemicals,66.96,2,2023-03,3.94,70.9,2022-03,47.73,1.15,1,2023-03,37.26,,1.4,0.58,4.14,5.5,"UCL,"
Seya Industries Ltd.,524324,Chemicals,66.43,1,2023-03,769.62,834.54,2020-03,258.2,47.02,1,2023-03,0,0,0.08,0.79,5.24,3.59,"524324,"
Mahickra Chemicals Ltd.,MAHICKRA,Chemicals,65.38,1,2023-03,10.08,75.47,2022-03,102.3,3.35,1,2023-03,19.92,,2.01,0.34,11.82,14.03,"MAHICKRA,"
Shreyas Intermediates Ltd.,526335,Dyes & Pigments,63.77,1,2023-03,7.74,71.51,2022-03,,-1.35,1,2023-03,0,0,4.15,0.37,-7.61,-4.67,"526335,"
Shiva Global Agro Industries Ltd.,530433,Fertilizers,62.52,2,2023-03,128.9,188.84,2022-03,638.32,19.54,2,2023-03,11.44,0.44,0.56,0.95,19.77,18.67,"530433,"
Retina Paints Ltd.,543902,Paints,59.93,1,2022-03,5.88,65.57,2022-03,6.38,0.11,1,2022-03,528.93,,2.46,2.7,7.3,7.34,"543902,"
Vadivarhe Speciality Chemicals Ltd.,VSCL,Chemicals,58.8,1,2023-03,26.94,85.74,2022-03,21.45,-9.61,1,2023-03,51.26,,11.14,4.62,-95.27,-23.27,"VSCL,"
Sunil Healthcare Ltd.,537253,Chemicals,58.09,2,2023-03,35.21,89.37,2022-03,119.16,6.42,2,2023-03,8.59,1.72,1.03,0.73,14.63,14.9,"537253,"
Kesar Petroproducts Ltd.,524174,Chemicals,57.81,1,2023-03,49.84,82.36,2022-03,153.1,2.67,1,2023-03,123,,0.48,0.24,3.16,3.11,"524174,"
Polychem Ltd.,506605,Chemicals,57.41,2,2023-03,,54.04,2022-03,35.78,0.87,2,2023-03,7.94,,1.64,0,3.26,3.13,"506605,"
Bhatia Colour Chem Ltd.,543497,Chemicals,56.06,1,2023-03,19.76,75.82,2022-03,14.12,0.52,1,2023-03,20.46,,1,1.14,0.92,0.7,"543497,"
Medi-Caps Ltd.,523144,Chemicals,52.11,2,2023-03,0,52.11,2022-03,69.87,10.04,2,2023-03,29.15,0.59,0.43,0,9.09,9.2,"523144,"
Aristo Bio-Tech and Lifescience Ltd.,ARISTO,Pesticides & Agrochemicals,50.41,1,2023-03,22.49,72.9,2022-03,165.99,1.45,1,2023-03,14.15,,1.67,1.72,10.28,11.6,"ARISTO,"
The Phosphate Company Ltd.,542123,Fertilizers,48.48,2,2023-03,33.13,79.27,2022-03,116.57,2.75,2,2023-03,10.31,0.25,0.59,0.19,3.59,8.3,"542123,"
AVSL Industries Ltd.,AVSL,Chemicals,47.55,1,2023-03,32.34,79.9,2022-03,100.22,5.89,1,2023-03,93.24,1.87,1.46,0.72,19.89,18.46,"AVSL,"
Vasundhara Rasayans Ltd.,538634,Chemicals,45.85,1,2023-03,4.02,49.87,2022-03,26.75,2.17,1,2023-03,8.2,0.23,1.71,0.06,10.49,14.69,"538634,"
Polylink Polymers (India) Ltd.,531454,Chemicals,44.42,1,2023-03,0.45,42.62,2022-03,45.69,0.9,1,2023-03,68.87,,1.7,0.07,3.58,5.86,"531454,"
Yug Decor Ltd.,540550,Chemicals,43.78,1,2023-03,2.67,46.45,2022-03,24.49,0.1,1,2023-03,38.3,,5.22,0.4,1.52,4.92,"540550,"
Tecil Chemicals & Hydro Power Ltd.,TECILCHEM,Chemicals,38.88,1,2023-03,12.91,51.78,2022-03,,-0.38,1,2023-03,0,0,-2.05,-0.68,0,0,"TECILCHEM,"
Asian Petroproducts & Exports Ltd.,524434,Chemicals,37.8,1,2023-03,2.39,39.95,2022-03,0.35,-0.3,1,2023-03,346.78,49.48,-222.84,-1.55,0,-21.65,"524434,"
Teesta Agro Industries Ltd.,524204,Fertilizers,37.42,1,2023-03,25.7,50.67,2023-03,286.35,7.34,1,2023-03,5.1,0.11,0.35,0.24,7.05,9.45,"524204,"
Sanginita Chemicals Ltd.,SANGINITA,Chemicals,32.38,1,2023-03,28.58,60.93,2023-03,148.56,0.42,1,2023-06,52.65,,0.8,0.71,1.04,4.27,"SANGINITA,"
Bhaskar Agrochemicals Ltd.,524534,Pesticides & Agrochemicals,31.21,1,2023-03,17.97,49.18,2022-03,65.35,1.09,1,2023-03,133.36,8.11,2.58,1.39,9.87,13.51,"524534,"
Fischer Chemic Ltd.,524743,Chemicals,30.25,1,2023-03,0.57,30.82,2022-03,,-0.23,1,2023-03,0,,14.66,-1.7,0,-95.4,"524743,"
Camex Ltd.,524440,Dyes & Pigments,29.14,2,2022-09,8,32.82,2022-03,179.25,3.18,2,2023-03,0,,0.8,0.23,8.95,11.06,"524440,"
Super Crop Safe Ltd.,530883,Pesticides & Agrochemicals,28.11,1,2023-03,17.03,45.01,2022-03,20,-6.46,1,2023-03,27.75,,1.09,0.69,-23.12,-11.36,"530883,"
Indo Euro Indchem Ltd.,524458,Chemicals,27.65,1,2023-03,0.03,27.68,2022-03,22.64,0.51,1,2023-03,126.85,2.85,2.68,0.01,5.15,7.37,"524458,"
Gujchem Distillers India Ltd.,506640,Chemicals,27.62,1,2023-03,12.01,39.63,2022-03,1.16,0.39,1,2023-03,789.12,33.92,1.68,0,9.45,7.71,"506640,"
Rite Zone Chemcon India Ltd.,RITEZONE,Chemicals,27.48,1,2023-03,0.94,28.41,2022-03,4.93,0.26,1,2023-03,33.1,,1.96,0.21,9.27,12.82,"RITEZONE,"
TCM Ltd.,524156,Chemicals,27.06,2,2023-03,1.44,28.29,2022-03,3.55,-3.3,2,2023-03,0,,0.88,0.21,-594.04,-50.7,"524156,"
Hardcastle & Waud Manufacturing Company Ltd.,509597,Chemicals,26.84,1,2023-03,0,26.39,2022-03,4.16,1.27,1,2023-03,24.49,,0.64,0,3.39,4.92,"509597,"
Haryana Leather Chemicals Ltd.,524080,Chemicals,26.37,1,2023-03,0.61,25.06,2022-03,38.88,1.31,1,2023-06,13.99,,0.71,0,3.82,5.47,"524080,"
Refnol Resins & Chemicals Ltd.,530815,Chemicals,26.26,2,2023-03,6.23,30.04,2022-03,50.42,-0.4,2,2023-06,295.07,,1.31,0.29,-1.99,1.98,"530815,"
Advance Petrochemicals Ltd.,506947,Chemicals,26.24,1,2023-03,7.18,33.42,2022-03,27.92,0.3,1,2023-03,27.77,0.98,7.67,2.82,12.68,12.14,"506947,"
Caprolactam Chemicals Ltd.,507486,Chemicals,25.92,1,2023-03,5.69,31.61,2022-03,2.07,-1.28,1,2023-03,10.17,,4.85,1.34,-37.28,-18.7,"507486,"
Pentokey Organy (India) Ltd.,524210,Chemicals,25.34,1,2023-03,,20.84,2022-03,,-0.16,1,2023-03,7.98,0.55,3.02,0,-3.1,-3.09,"524210,"
Vikas WSP Ltd.,519307,Chemicals,25.15,1,2022-03,306.67,331.43,2022-03,23.1,-163.53,1,2022-03,0,0,0.03,0.35,-17.14,-12.96,"519307,"
Omkar Speciality Chemicals Ltd.,OMKARCHEM,Chemicals,23.36,1,2022-03,225.51,248.54,2021-03,45.12,2.01,1,2022-06,0,,-0.13,-1.44,0,12.4,"OMKARCHEM,"
Venlon Enterprises Ltd.,524038,Chemicals,22.2,1,2023-03,122.68,134.02,2022-03,3.8,2.74,1,2023-03,0,0,-0.19,-1.41,0,9.48,"524038,"
Trivikrama Industries Ltd.,538579,Chemicals,21.93,2,2023-03,,21.93,2022-03,0,-0.24,1,2023-03,0,,2.61,0,-2.81,-2.77,"538579,"
Vikas Proppant & Granite Ltd.,531518,Chemicals,21.62,1,2021-09,48.59,70.2,2021-03,23.6,-11.39,1,2021-12,0,,,0.26,-5.9,-4.63,"531518,"
Shree Hari Chemicals Export Ltd.,524336,Chemicals,21.2,1,2023-03,29.75,50.21,2022-03,76.45,0.68,1,2023-03,0,0,1.18,0.6,1.82,3.17,"524336,"
Crestchem Ltd.,526269,Chemicals,19.35,1,2023-03,,19.35,2022-03,7.95,0.57,1,2023-03,27.88,0.69,7.03,0.13,31.94,35.85,"526269,"
Dynamic Industries Ltd.,524818,Dyes & Pigments,19.01,1,2023-03,2.44,19.86,2022-03,53.77,1.41,1,2023-03,16.66,,0.4,0.08,3.08,4.48,"524818,"
Vivid Global Industries Ltd.,524576,Chemicals,18.81,1,2023-03,2.21,17.99,2022-03,46.28,1.42,1,2023-03,0,,1.28,0.29,10.65,14.7,"524576,"
Jayshree Chemicals Ltd.,506520,Chemicals,18.56,2,2023-03,4,12.26,2023-03,8.95,-0.2,2,2023-03,0,0,1.34,0.29,-1.36,-1.17,"506520,"
Sreechem Resins Ltd.,514248,Chemicals,16.84,1,2023-03,3.78,20.63,2022-03,72.53,3.1,1,2023-03,20.52,0.3,1.47,0.69,34.19,30.51,"514248,"
Phyto Chem (India) Ltd.,524808,Pesticides & Agrochemicals,16.02,1,2023-03,19.47,35.42,2023-03,26.76,0.22,1,2023-03,71.83,,1.51,1.83,2.11,7.66,"524808,"
Lime Chemicals Ltd.,507759,Chemicals,14.31,1,2023-03,5.69,20,2022-03,14.06,9.8,1,2023-03,5.19,,6.47,-13.73,0,230.99,"507759,"
Daikaffil Chemicals India Ltd.,530825,Chemicals,13.9,1,2023-03,,12.35,2022-03,8.16,-2.5,1,2023-03,0,,1.14,0,-15.77,-16.97,"530825,"
Tulasee Bio-Ethanol Ltd.,524514,Chemicals,12.38,1,2023-03,7.1,19.48,2022-03,0,-0.14,1,2023-03,0,,12.17,6.39,-12.21,-1.75,"524514,"
Pratiksha Chemicals Ltd.,531257,Dyes & Pigments,12.05,1,2023-03,7,19.05,2022-03,16.43,0.52,1,2023-03,138.55,4.95,3.37,0.2,15.51,16.58,"531257,"
CJ Gelatine Products Ltd.,507515,Chemicals,10.34,1,2023-03,19.55,29.89,2022-03,39.67,0.35,1,2023-03,44.97,2.68,2.87,4.72,9.22,8.2,"507515,"
Saianand Commercial Ltd.,512097,Chemicals,10,1,2023-03,,9.87,2022-03,,0.01,1,2023-03,0,0,0.26,0.24,0.03,0.02,"512097,"
Garodia Chemicals Ltd.,530161,Chemicals,6.84,1,2023-03,4.34,11.18,2022-03,,-0.1,1,2023-03,0,0,-1.57,-1,0,0,"530161,"
JD Orgochem Ltd.,524592,Dyes & Pigments,6.81,1,2023-03,29.44,36.25,2022-03,1.46,-1.15,1,2023-03,0,0,-0.26,-0.99,0,0,"524592,"
Span Divergent Ltd.,524727,Chemicals,6.41,2,2023-03,9.97,16.38,2022-03,13.09,-10.15,2,2023-03,0,0,-2.01,5.08,-142.6,-44.86,"524727,"
Chemiesynth (Vapi) Ltd.,539230,Chemicals,6.14,1,2023-03,13.63,19.77,2022-03,30.18,2.72,1,2022-12,12.4,0.19,0.54,1.04,27.67,20.7,"539230,"
Organic Coatings Ltd.,531157,Dyes & Pigments,6.02,1,2022-09,12.53,18.56,2022-03,22.07,-2,1,2022-12,0,,-25.77,16.14,-114.34,-3.56,"531157,"
Fundviser Capital (India) Ltd.,530197,Dyes & Pigments,3.75,1,2023-03,,3.75,2022-03,0.15,-0.03,1,2023-03,0,,0.58,0,-0.53,-0.16,"530197,"
MP Agro Industries Ltd.,506543,Fertilizers,3.66,1,2023-03,,2.5,2022-03,,0.03,1,2023-03,166.2,9.22,0.63,0,0.49,0.89,"506543,"
Saptak Chem And Business Ltd.,506906,Fertilizers,2.85,1,2023-03,2.89,5.6,2022-03,0.04,0,1,2023-06,0,,-1.33,-1.35,0,0.29,"506906,"
Machhar Industries Ltd.,543934,Chemicals,2.61,1,2023-03,1.76,0.81,2023-03,17.15,0.36,1,2023-03,7.21,,0.23,0.15,3.24,5.55,"543934,"
Indra Industries Ltd.,539175,Fertilizers,1.85,1,2023-03,7.42,9.2,2022-03,4.9,-0.27,1,2023-03,0,0,-0.28,-3.11,0,-1.73,"539175,"
