Sector: Finance,
Date: 29-Jul-2023,
Note:- Statement: 1 = Standalone and 2 = Consolidated,
Generated by and for: anjanr@wealthwisers.in,

Stock Name,Symbol,Industry,Market Cap(Rs. Cr.),Statement,Year Ending,Profit After Tax(Rs. Cr.),TTM Statement,TTM Ending,Price Earning Ratio(TTM),Price To Book Value(TTM),Debt Equity Ratio,Return On Equity(%),Return On Capital Employed(%),Symbol with Comma for External Upload
Bajaj Finance Ltd.,BAJFINANCE,Finance - NBFC,447298.15,2,2023-03,11507.69,2,2023-06,36.22,7.81,4.03,23.7,11.76,"BAJFINANCE,"
Life Insurance Corporation of India,LICI,Insurance,396482.48,2,2022-03,4124.71,2,2023-03,11.01,8.54,0,45.16,45.59,"LICI,"
Bajaj Finserv Ltd.,BAJAJFINSV,Finance - Investment,252325.86,2,2023-03,12209.54,2,2023-06,35.79,5.08,4.6,28.46,12.73,"BAJAJFINSV,"
HDFC Life Insurance Company Ltd.,HDFCLIFE,Insurance,141696.12,2,2023-03,1368.28,2,2023-06,99.31,10.56,0.07,9.6,8.54,"HDFCLIFE,"
SBI Life Insurance Company Ltd.,SBILIFE,Insurance,129164.61,1,2022-03,1506,1,2023-06,70.25,9.54,0,14,14.51,"SBILIFE,"
Cholamandalam Investment and Finance Company Ltd.,CHOLAFIN,Finance - NBFC,93454.86,2,2023-03,2676.67,2,2023-03,35.07,6.55,6.83,20.61,9.72,"CHOLAFIN,"
Bajaj Holdings & Investment Ltd.,BAJAJHLDNG,Finance - NBFC,83722.21,2,2023-03,4946.21,2,2023-06,15.79,1.89,0,11.37,11.53,"BAJAJHLDNG,"
ICICI Prudential Life Insurance Company Ltd.,ICICIPRULI,Insurance,83484.16,2,2023-03,813.49,2,2023-06,96.93,7.98,0.12,8.67,8.51,"ICICIPRULI,"
SBI Cards And Payment Services Ltd.,SBICARD,Finance - NBFC,81065.42,1,2023-03,2258.47,1,2023-06,36.44,8.28,3.18,25.82,14.83,"SBICARD,"
Shriram Finance Ltd.,SHRIRAMFIN,Finance - NBFC,68150.11,2,2023-03,6011.47,2,2023-06,11.63,1.51,3.79,17.32,12.18,"SHRIRAMFIN,"
Power Finance Corporation Ltd.,PFC,Finance Term Lending,67520.08,2,2022-03,18768.21,2,2023-03,4.25,0.8,9.21,28.34,9.38,"PFC,"
ICICI Lombard General Insurance Company Ltd.,ICICIGI,Insurance,67434.55,1,2023-03,1729.05,1,2023-06,38.09,6.25,0,17.73,21.35,"ICICIGI,"
HDFC Asset Management Company Ltd.,HDFCAMC,Finance - Asset Management,54190.78,2,2023-03,1423.37,2,2023-06,34.16,8.37,0,23.74,30.78,"HDFCAMC,"
Muthoot Finance Ltd.,MUTHOOTFIN,Finance - NBFC,53436.86,2,2023-03,3669.77,2,2023-03,14.8,2.47,2.58,18.15,12.13,"MUTHOOTFIN,"
REC Ltd.,RECLTD,Finance Term Lending,51176.71,2,2022-03,10047.5,2,2023-06,4.38,0.84,6.49,21.39,9.1,"RECLTD,"
Aditya Birla Capital Ltd.,ABCAPITAL,Finance - NBFC,50300.84,2,2023-03,4824.07,2,2023-03,10.49,2.18,4.2,27.27,11.64,"ABCAPITAL,"
Indian Railway Finance Corporation Ltd.,IRFC,Finance Term Lending,45818.18,1,2022-03,6089.84,1,2023-03,7.23,1.01,9.47,15.84,5.12,"IRFC,"
Mahindra & Mahindra Financial Services Ltd.,M&MFIN,Finance - NBFC,36985.59,2,2023-03,2071.2,2,2023-06,16.87,2,4.4,11.71,8.82,"M&MFIN,"
Star Health and Allied Insurance Company Ltd.,STARHEALTH,Insurance,36242.28,1,2022-03,-1040.67,1,2023-03,58.59,6.67,0,-25.93,-31.04,"STARHEALTH,"
General Insurance Corporation of India,GICRE,Insurance,34702.03,2,2022-03,2386.28,2,2023-03,5.02,1.01,0,8.66,14.31,"GICRE,"
L&T Finance Holdings Ltd.,L&TFH,Finance - NBFC,32875.84,2,2023-03,-728.89,2,2023-06,17.38,1.5,3.88,-3.54,5.02,"L&TFH,"
Sundaram Finance Ltd.,SUNDARMFIN,Finance - NBFC,29434.19,2,2023-03,1271.75,2,2023-03,22.27,2.96,4.31,13.6,8.42,"SUNDARMFIN,"
Poonawalla Fincorp Ltd.,POONAWALLA,Finance - NBFC,29296.81,2,2023-03,569.81,2,2023-06,38.05,4.21,1.65,8.92,7.93,"POONAWALLA,"
Max Financial Services Ltd.,MFSL,Finance - Others,28100.97,2,2022-03,318.4,2,2023-03,74.25,7.99,0.13,8.75,11.69,"MFSL,"
Piramal Enterprises Ltd.,PEL,Finance - NBFC,25603.84,2,2023-03,9968.58,2,2023-06,11.03,0.82,1.6,29.96,11.69,"PEL,"
LIC Housing Finance Ltd.,LICHSGFIN,Finance - Housing,22772.61,2,2022-03,2286,2,2023-03,7.88,0.84,9.03,10.08,7.11,"LICHSGFIN,"
CreditAccess Grameen Ltd.,CREDITACC,Finance - NBFC,22258.67,2,2022-03,357.1,2,2023-06,21.63,4.08,3.26,9.34,9.31,"CREDITACC,"
IIFL Finance Ltd.,IIFL,Finance - Investment,21699.72,2,2023-03,1607.55,2,2023-06,13.55,2.29,4.41,20.83,11.8,"IIFL,"
Five-Star Business Finance Ltd.,FIVESTAR,Finance - NBFC,21118.83,1,2022-03,453.54,1,2023-03,34.99,4.87,0.7,15.18,15.09,"FIVESTAR,"
ICICI Securities Ltd.,ISEC,Finance - Stock Broking,20587.47,2,2022-03,1382.6,2,2023-06,18.46,6.59,3.22,65.71,27.4,"ISEC,"
The New India Assurance Company Ltd.,NIACL,Insurance,20056.16,1,2022-03,164.27,2,2023-03,19.22,0.95,0,0.91,0.89,"NIACL,"
Nippon Life India Asset Management Ltd.,NAM-INDIA,Finance - Asset Management,19875.78,2,2023-03,722.93,2,2023-06,23.52,5.48,0,21.4,26.64,"NAM-INDIA,"
IDFC Ltd.,IDFC,Finance - NBFC,18495.82,2,2023-03,673.33,2,2023-03,4.36,1.59,0,6.56,10.38,"IDFC,"
360 One Wam Ltd.,360ONE,Finance - Others,18254.27,2,2022-03,577.74,2,2023-06,26.57,5.51,1.99,20.32,13.42,"360ONE,"
Cholamandalam Financial Holdings Ltd.,CHOLAHLDNG,Finance - Investment,17483.02,2,2023-03,2818.31,2,2023-03,13.54,2.3,12.82,40.34,10.64,"CHOLAHLDNG,"
PNB Housing Finance Ltd.,PNBHOUSING,Finance - Housing,16005.87,2,2023-03,1046,2,2023-06,13.82,1.16,4.89,10.07,8.25,"PNBHOUSING,"
Capri Global Capital Ltd.,CGCL,Finance - Investment,15873.77,2,2022-03,205.04,2,2023-03,77.14,4.43,2.51,11.32,9.89,"CGCL,"
Aptus Value Housing Finance India Ltd.,APTUS,Finance - Housing,13738.81,2,2023-03,503.01,2,2023-03,27.31,4.11,1.14,16.11,14.58,"APTUS,"
Angel One Ltd.,ANGELONE,Finance - Stock Broking,13133.47,2,2023-03,890.19,2,2023-06,14.13,5.65,0.37,48.45,44.3,"ANGELONE,"
Central Depository Services (India) Ltd.,CDSL,Finance - NBFC,12759.97,2,2022-03,313.22,2,2023-03,46.24,10.51,0,31.8,41.62,"CDSL,"
Aavas Financiers Ltd.,AAVAS,Finance - Housing,12713.03,2,2023-03,429.64,2,2023-03,29.56,3.94,3.05,14.32,9.58,"AAVAS,"
Housing & Urban Development Corporation Ltd.,HUDCO,Finance - Housing,12678.03,2,2022-03,1716.41,2,2023-03,7.45,0.82,4.25,12.41,9.16,"HUDCO,"
Tata Investment Corporation Ltd.,TATAINVEST,Finance - NBFC,12523.35,2,2023-03,251.75,2,2023-03,49.72,0.64,0.01,1.28,1.42,"TATAINVEST,"
Motilal Oswal Financial Services Ltd.,MOTILALOFS,Finance - Stock Broking,12161.58,2,2023-03,932.82,2,2023-06,8.52,1.82,1.67,15.86,12.97,"MOTILALOFS,"
Aditya Birla Sun Life AMC Ltd.,ABSLAMC,Finance - Asset Management,11731.96,2,2023-03,596.38,2,2023-06,17.3,4.47,0,26,33.86,"ABSLAMC,"
Manappuram Finance Ltd.,MANAPPURAM,Finance - NBFC,11680.25,2,2023-03,1500.17,2,2023-03,7.81,1.21,2.96,16.68,11.98,"MANAPPURAM,"
BSE Ltd.,BSE,Finance - Others,10849.16,2,2022-03,180.75,2,2023-03,49.16,4.02,0,5.71,9,"BSE,"
UTI Asset Management Company Ltd.,UTIAMC,Finance - Asset Management,9980.31,2,2023-03,439.68,2,2023-06,17.19,2.48,0,11.96,15.9,"UTIAMC,"
Can Fin Homes Ltd.,CANFINHOME,Finance - Housing,9745.55,1,2023-03,621.21,1,2023-06,15.17,2.54,7.97,18.51,8.36,"CANFINHOME,"
Multi Commodity Exchange Of India Ltd.,MCX,Finance - Stock Broking,8505.51,2,2022-03,143.45,2,2023-03,57.1,5.75,0,7.49,9.62,"MCX,"
Kama Holdings Ltd.,532468,Finance - Investment,7863.96,2,2023-03,2324.45,2,2023-03,6.27,1.38,0.76,44.09,34.7,"532468,"
Home First Finance Company India Ltd.,HOMEFIRST,Finance - Housing,7534.43,1,2023-03,228.29,1,2023-06,30.61,4.04,2.68,13.62,10.34,"HOMEFIRST,"
JM Financial Ltd.,JMFINANCIL,Finance - Investment,7332.73,2,2023-03,708.76,2,2023-03,12.28,0.9,1.96,8.98,9.44,"JMFINANCIL,"
KFin Technologies Ltd.,KFINTECH,Finance - Others,6606.68,2,2022-03,148.55,2,2023-03,33.86,7.61,0.19,30.45,35.22,"KFINTECH,"
Fusion Micro Finance Ltd.,FUSION,Finance - NBFC,6600.87,1,2022-03,21.76,1,2023-03,17.05,2.84,4.35,1.69,8.2,"FUSION,"
Indiabulls Housing Finance Ltd.,IBULHSGFIN,Finance - Housing,6416.07,2,2022-03,1177.74,2,2023-03,5.68,0.37,3.72,7.26,9.57,"IBULHSGFIN,"
Authum Investment & Infrastructure Ltd.,539177,Finance - Investment,6322.48,1,2022-03,668.74,1,2023-03,26.32,2.11,0.28,34.09,28.87,"539177,"
Spandana Sphoorty Financial Ltd.,SPANDANA,Finance - NBFC,5998.49,2,2023-03,12.39,2,2023-06,17.06,1.89,1.99,0.41,5.96,"SPANDANA,"
Ujjivan Financial Services Ltd.,UJJIVAN,Finance Term Lending,5864.88,2,2023-03,1140.28,2,2023-03,6.6,1.86,9.58,42.09,10.69,"UJJIVAN,"
Bengal & Assam Company Ltd.,533095,Finance - NBFC,5591.68,2,2022-03,313.62,2,2023-03,5.96,1.01,1.22,7.41,9.72,"533095,"
Religare Enterprises Ltd.,RELIGARE,Finance - Investment,5323.48,2,2022-03,-1538.51,2,2023-03,1.73,2.59,-4.9,0,-6.46,"RELIGARE,"
JSW Holdings Ltd.,JSWHL,Finance - Investment,4995.94,2,2023-03,299.61,2,2023-03,15.13,0.26,0,1.52,2.04,"JSWHL,"
Anand Rathi Wealth Ltd.,ANANDRATHI,Finance - Others,4753.38,2,2023-03,168.23,2,2023-06,26.05,9.17,0.04,41.98,54.31,"ANANDRATHI,"
Prudent Corporate Advisory Services Ltd.,PRUDENT,Finance - Others,4657.01,2,2022-03,80.34,2,2023-06,37.14,12.32,0,40.65,55.14,"PRUDENT,"
Edelweiss Financial Services Ltd.,EDELWEISS,Finance - NBFC,4513.57,2,2022-03,115.42,2,2023-03,13.11,0.67,3.51,1.79,9.69,"EDELWEISS,"
MAS Financial Services Ltd.,MASFIN,Finance Term Lending,4350.28,2,2023-03,205.82,2,2023-03,21.28,2.85,4.03,14.35,11.45,"MASFIN,"
Share India Securities Ltd.,SHAREINDIA,Finance - Stock Broking,3916.47,2,2022-03,201.8,2,2023-06,11.18,3.62,0.42,55.51,57.46,"SHAREINDIA,"
Magellanic Cloud Ltd.,538891,Finance - Investment,3699.22,2,2022-03,29.46,2,2023-03,50.85,13.69,1.1,45.1,24.07,"538891,"
Sindhu Trade Links Ltd.,SINDHUTRAD,Finance - NBFC,3659,2,2022-03,-52.77,2,2023-03,0,2.73,1.1,-4.53,5.35,"SINDHUTRAD,"
Choice International Ltd.,CHOICEIN,Finance - Stock Broking,3500.33,2,2022-03,53.6,2,2023-06,47.53,7.66,0.6,18.64,18.53,"CHOICEIN,"
IFCI Ltd.,IFCI,Finance Term Lending,3343.55,2,2022-03,-1761.2,2,2023-03,0,0.8,2.52,-55.42,-4.7,"IFCI,"
Max Ventures And Industries Ltd.,MAXVIL,Finance - Investment,2964.03,2,2022-03,4.66,2,2023-03,167.21,2.42,0.24,0.45,1.45,"MAXVIL,"
Sundaram Finance Holdings Ltd.,SUNDARMHLD,Finance - Investment,2703,2,2023-03,31.51,2,2023-03,11.38,0.76,0,0.96,1.43,"SUNDARMHLD,"
Paisalo Digital Ltd.,PAISALO,Finance - NBFC,2473.66,2,2022-03,79.25,2,2023-06,22.25,2.06,1.67,8.73,11.94,"PAISALO,"
SG Finserve Ltd.,539199,Finance - Investment,2450.23,1,2022-03,0.78,1,2023-06,70.28,4.07,0,9.25,13.2,"539199,"
Ugro Capital Ltd.,UGROCAP,Finance - NBFC,2422.22,1,2023-03,39.78,1,2023-03,60.89,1.83,3.22,4.1,10.93,"UGROCAP,"
Dhani Services Ltd.,DHANI,Finance - Stock Broking,2359.83,2,2022-03,-860.37,2,2023-03,0,0.62,0.45,-17.02,-7.68,"DHANI,"
Indostar Capital Finance Ltd.,INDOSTAR,Finance - NBFC,2275.25,2,2022-03,-736.51,2,2023-03,10.15,0.73,2.18,-22.69,-3.78,"INDOSTAR,"
Pilani Investment And Industries Corporation Ltd.,PILANIINVS,Finance - Investment,2215.45,2,2022-03,146.29,2,2023-03,9,0.2,0.1,1.4,2.19,"PILANIINVS,"
Satin Creditcare Network Ltd.,SATIN,Finance Term Lending,2049.98,2,2023-03,4.81,2,2023-06,6.78,1.19,3.7,0.31,8.37,"SATIN,"
Repco Home Finance Ltd.,REPCOHOME,Finance - Housing,2018.86,2,2022-03,191.54,2,2023-03,6.34,0.77,4.23,8.7,7.82,"REPCOHOME,"
IIFL Securities Ltd.,IIFLSEC,Finance - Investment,1999.5,2,2022-03,305.69,2,2023-06,7.1,1.4,0.52,28.61,33.09,"IIFLSEC,"
Arman Financial Services Ltd.,ARMANFIN,Finance - NBFC,1942.82,2,2022-03,31.72,2,2023-03,20.78,5.33,4.66,15.89,12.83,"ARMANFIN,"
Rane Holdings Ltd.,RANEHOLDIN,Finance - Investment,1453.05,2,2023-03,87.31,2,2023-03,23.33,1.8,1.06,11.02,11.68,"RANEHOLDIN,"
5Paisa Capital Ltd.,5PAISA,Finance - Stock Broking,1445.08,2,2022-03,13.74,2,2023-06,28.5,3.02,0.79,5.45,8.02,"5PAISA,"
BF Investment Ltd.,BFINVEST,Finance - Investment,1420.63,2,2022-03,197.75,2,2023-03,5.47,0.3,0,5.39,7.18,"BFINVEST,"
PTC India Financial Services Ltd.,PFS,Finance - NBFC,1389.26,2,2022-03,129.98,2,2023-06,8.58,0.57,3.15,5.93,7.31,"PFS,"
Abans Holdings Ltd.,AHL,Finance - NBFC,1338.14,2,2022-03,61.97,2,2023-03,20.56,1.61,0.14,10.39,11.87,"AHL,"
Nalwa Sons Investments Ltd.,NSIL,Finance - Investment,1269.15,2,2022-03,65.86,2,2023-03,13.98,0.16,0,1.01,1.22,"NSIL,"
PNB Gilts Ltd.,PNBGILTS,Finance - NBFC,1183.21,1,2022-03,165.71,1,2023-06,17,0.9,10.18,12.08,5.33,"PNBGILTS,"
Sat Industries Ltd.,SATINDLTD,Finance - Others,1140.69,2,2023-03,45.06,2,2023-03,26.68,4.37,0.4,19.41,19.95,"SATINDLTD,"
Geojit Financial Services Ltd.,GEOJITFSL,Finance - Stock Broking,1133.31,2,2023-03,96.46,2,2023-03,11.64,1.57,0.11,13.61,16.44,"GEOJITFSL,"
Monarch Networth Capital Ltd.,MONARCH,Finance - Stock Broking,1105.16,2,2022-03,54.05,2,2023-06,23.23,4.89,0.1,39.98,50.09,"MONARCH,"
Radiant Cash Management Services Ltd.,RADIANTCMS,Finance - Investment,1058.54,1,2022-03,38.21,1,2023-03,16.88,4.6,0.19,28.65,48.86,"RADIANTCMS,"
GIC Housing Finance Ltd.,GICHSGFIN,Finance - Housing,1028.82,2,2022-03,173.51,2,2023-03,4.85,0.61,6.85,11.49,7.86,"GICHSGFIN,"
Centrum Capital Ltd.,CENTRUM,Finance - Investment,1004.3,2,2023-03,-182.94,2,2023-03,0,1.81,9.32,-30.61,7.32,"CENTRUM,"
Summit Securities Ltd.,SUMMITSEC,Finance - NBFC,965.73,2,2022-03,50.83,2,2023-03,26.06,0.19,0,1.08,1.51,"SUMMITSEC,"
Balmer Lawrie Investments Ltd.,532485,Finance - NBFC,935.17,2,2022-03,137.96,2,2023-03,8.42,0.84,0.08,12.46,16.64,"532485,"
Capital India Finance Ltd.,530879,Finance - Investment,896.43,2,2022-03,-20.69,2,2023-03,0,1.48,1.18,-3.52,3.04,"530879,"
Vardhman Holdings Ltd.,VHL,Finance - NBFC,878.55,2,2022-03,429.08,2,2023-03,3.86,0.28,0,16.88,18.08,"VHL,"
Finkurve Financial Services Ltd.,508954,Finance - NBFC,876.72,2,2022-03,19.73,1,2023-03,61.21,5.08,0.15,13.36,14.47,"508954,"
Sastasundar Ventures Ltd.,SASTASUNDR,Finance - NBFC,826.91,2,2022-03,978.37,2,2023-03,0,1.08,0,178.19,199.09,"SASTASUNDR,"
Kalyani Investment Company Ltd.,KICL,Finance - Investment,806.27,2,2022-03,57.17,2,2023-03,13.88,0.14,0,1.15,1.43,"KICL,"
Tourism Finance Corporation Of India Ltd.,TFCILTD,Finance Term Lending,794.46,2,2022-03,85.31,1,2023-03,9.03,0.78,1.36,9.87,10.45,"TFCILTD,"
Dolat Algotech Ltd.,DOLATALGO,Finance - Stock Broking,780.03,2,2022-03,167.7,2,2023-03,6.73,1.22,0.33,37.63,43.32,"DOLATALGO,"
SMC Global Securities Ltd.,SMCGLOBAL,Finance - Stock Broking,779.18,2,2023-03,120.4,1,2023-03,8.34,1.01,0.98,12.95,15.58,"SMCGLOBAL,"
CSL Finance Ltd.,CSLFINANCE,Finance - NBFC,746.45,1,2022-03,33.45,1,2023-03,16.36,1.9,0.64,11.57,12.8,"CSLFINANCE,"
Master Trust Ltd.,511768,Finance - NBFC,715.68,2,2022-03,55.18,2,2023-03,10.89,1.97,0.32,19.88,28.68,"511768,"
Max India Ltd.,MAXIND,Finance - Investment,687.39,2,2022-03,-16.19,2,2023-03,0,1.28,0.06,-2.51,-1.07,"MAXIND,"
Mufin Green Finance Ltd.,542774,Finance - Investment,668.91,1,2022-03,10.88,1,2023-03,82.4,4.08,0,11.32,13.33,"542774,"
Muthoot Capital Services Ltd.,MUTHOOTCAP,Finance - NBFC,640.06,1,2022-03,-171.93,1,2023-03,8.13,1.31,4.19,-36.3,-3.5,"MUTHOOTCAP,"
Crest Ventures Ltd.,CREST,Finance - NBFC,635.43,2,2022-03,12.1,2,2023-03,1.61,0.65,0.1,2.07,4.61,"CREST,"
Oswal Greentech Ltd.,OSWALGREEN,Finance - Investment,603.5,1,2022-03,46.05,1,2023-03,15.93,0.24,0,1.87,2.53,"OSWALGREEN,"
GFL Ltd.,GFLLIMITED,Finance - Investment,602.09,2,2022-03,-243.54,2,2023-03,0.27,0.23,0.25,-67.26,-12.61,"GFLLIMITED,"
TruCap Finance Ltd.,TRU,Finance - Stock Broking,592.53,2,2022-03,3.98,2,2023-03,939.03,2.74,1.73,3.09,9.87,"TRU,"
VLS Finance Ltd.,VLSFINANCE,Finance - Investment,582.66,2,2022-03,210.22,2,2023-03,10.45,0.23,0,7.79,7.78,"VLSFINANCE,"
Jindal Poly Investment and Finance Company Ltd.,JPOLYINVST,Finance - Investment,560.81,2,2022-03,1442.8,2,2023-03,1.99,0.24,0.82,127.88,65.96,"JPOLYINVST,"
Toyam Sports Ltd.,538607,Finance - Stock Broking,559.1,2,2022-03,1.07,2,2023-03,0,2.22,0,7.41,5.05,"538607,"
Niyogin Fintech Ltd.,538772,Finance - Investment,557.66,2,2022-03,-7.6,2,2023-03,0,2.04,0,-2.75,-2.35,"538772,"
UY Fincorp Ltd.,530579,Finance - NBFC,528.48,2,2022-03,3.21,1,2023-03,68.24,2.09,0.06,1.34,2.11,"530579,"
GKW Ltd.,GKWLIMITED,Finance - Investment,518.25,1,2022-03,13.4,1,2023-03,59.07,-34.74,0,3.87,4.95,"GKWLIMITED,"
Arihant Capital Markets Ltd.,ARIHANTCAP,Finance - Stock Broking,500.57,2,2023-03,29.12,2,2023-06,14.95,1.86,0.23,12,16,"ARIHANTCAP,"
Nahar Capital And Financial Services Ltd.,NAHARCAP,Finance - NBFC,484.22,2,2022-03,-44.81,2,2023-03,4.51,0.31,0,-3.44,2.63,"NAHARCAP,"
Baid Finserv Ltd.,BAIDFIN,Finance - NBFC,478.59,1,2022-03,8.79,1,2023-03,46.11,3.09,1.1,6.2,10.46,"BAIDFIN,"
IM+ Capitals Ltd.,511628,Finance - Investment,477.68,2,2022-03,0.96,2,2023-03,23.05,1.5,0.03,1.51,2.74,"511628,"
Star Housing Finance Ltd.,539017,Finance - Housing,457.67,1,2023-03,6.98,1,2023-06,52.92,4.26,1.57,8.45,9.46,"539017,"
Prime Securities Ltd.,PRIMESECU,Finance - Stock Broking,453.18,2,2023-03,11.18,2,2023-03,40.42,3.75,0,10.06,12.93,"PRIMESECU,"
MKVentures Capital Ltd.,514238,Finance - NBFC,430.58,1,2022-03,4.57,1,2023-03,26.41,6,0,34.43,96.9,"514238,"
Dhunseri Investments Ltd.,DHUNINV,Finance - Investment,430.55,2,2022-03,15.3,2,2023-03,1.47,0.19,0.05,0.85,6.03,"DHUNINV,"
Consolidated Finvest & Holdings Ltd.,CONSOFINVT,Finance - NBFC,429.94,1,2022-03,0.62,1,2023-03,1.37,1.3,0,0.14,0.64,"CONSOFINVT,"
Kiran Vyapar Ltd.,537750,Finance - NBFC,427,2,2022-03,118.13,2,2023-06,7.03,0.29,0.03,8.92,10.6,"537750,"
Delphi World Money Ltd.,DELPHIFX,Finance - Others,425.2,1,2022-03,7.92,1,2023-03,28.27,2.06,0.16,4.21,8.02,"DELPHIFX,"
The Investment Trust of India Ltd.,THEINVEST,Finance - NBFC,410.36,2,2022-03,1.45,2,2023-03,35.68,0.64,0.21,0.24,5.08,"THEINVEST,"
Industrial & Prudential Investment Company Ltd.,501298,Finance - NBFC,404.72,2,2022-03,4.68,2,2023-03,9.05,0.65,0,0.83,1.11,"501298,"
Moneyboxx Finance Ltd.,538446,Finance - NBFC,394.66,1,2022-03,-3.72,1,2023-03,0,5.12,2.64,-12.69,4.27,"538446,"
N.B.I. Industrial Finance Co. Ltd.,NBIFIN,Finance - NBFC,369.17,1,2022-03,7.94,1,2023-03,70.03,0.16,0,0.34,0.47,"NBIFIN,"
Jindal Photo Ltd.,JINDALPHOT,Finance - Investment,340.22,2,2022-03,633.71,2,2023-03,2.04,0.17,0.03,68.52,64.72,"JINDALPHOT,"
Ascom Leasing & Investments Ltd.,ASCOM,Finance - NBFC,337.49,1,2022-03,4.87,1,2023-03,68.03,8.73,0.11,15.17,18.99,"ASCOM,"
Aditya Birla Money Ltd.,BIRLAMONEY,Finance - Stock Broking,336.68,1,2023-03,33.9,1,2023-06,9.55,2.84,8.03,37,10.96,"BIRLAMONEY,"
AK Capital Services Ltd.,530499,Finance - Investment,334.92,2,2022-03,83.01,2,2023-03,3.88,0.4,2.43,11.5,8.6,"530499,"
SIL Investments Ltd.,SILINV,Finance - NBFC,330.86,2,2023-03,28.61,2,2023-03,11.87,0.2,0.03,1.41,1.99,"SILINV,"
Systematix Corporate Services Ltd.,526506,Finance - Investment,325.16,2,2022-03,17.5,2,2023-03,63.98,3.28,0.32,20.35,22.55,"526506,"
Wealth First Portfolio Managers Ltd.,WEALTH,Finance - Investment,320.13,2,2022-03,18.85,2,2023-03,23.14,4.18,0.03,33.71,43.67,"WEALTH,"
STEL Holdings Ltd.,STEL,Finance - Investment,319.83,2,2022-03,14.61,2,2023-03,26.14,0.39,0,1.93,2.56,"STEL,"
SRG Housing Finance Ltd.,534680,Finance - Housing,313.69,1,2023-03,17.06,1,2023-03,18.39,2.4,2.73,13.95,13.06,"534680,"
IL&FS Investment Managers Ltd.,IVC,Finance - Investment,284.51,2,2023-03,17,2,2023-03,23.7,1.31,0,7.96,10.12,"IVC,"
Mangalam Industrial Finance Ltd.,537800,Finance - NBFC,282.72,1,2022-03,1.34,1,2023-03,0,9.96,0,4.09,7.11,"537800,"
Reliance Capital Ltd.,RELCAPITAL,Finance - NBFC,272.17,2,2022-03,-8054.74,2,2023-03,0,-0.01,-1.35,0,-50.89,"RELCAPITAL,"
Quest Capital Markets Ltd.,500069,Finance - NBFC,270.15,1,2023-03,18.86,1,2023-03,14.32,0.4,0,2.53,3.19,"500069,"
Standard Capital Markets Ltd.,511700,Finance - NBFC,247.06,1,2022-03,0.08,1,2023-03,110.89,1.64,1.31,2.44,4.25,"511700,"
Alankit Ltd.,ALANKIT,Finance - Stock Broking,247.01,2,2022-03,2.87,2,2023-03,0,1.53,0.16,2.52,8.34,"ALANKIT,"
Saraswati Commercial (India) Ltd.,512020,Finance - NBFC,245.12,2,2022-03,64.95,2,2023-03,20.97,0.56,0.06,18.4,22.92,"512020,"
Almondz Global Securities Ltd.,ALMONDZ,Finance - Stock Broking,239.17,2,2022-03,3.95,2,2023-03,15.23,1.14,0.1,2.29,5.51,"ALMONDZ,"
Indo Thai Securities Ltd.,INDOTHAI,Finance - Investment,238,2,2022-03,9.68,2,2023-03,0,4.27,0.02,16.19,19.8,"INDOTHAI,"
Industrial Investment Trust Ltd.,IITL,Finance - NBFC,229.99,2,2022-03,35.46,2,2023-03,5.12,0.61,0,11.33,11.46,"IITL,"
Maha Rashtra Apex Corporation Ltd.,523384,Finance - Investment,224.2,2,2022-03,1.34,2,2023-03,68.9,1.88,0,0.9,1.3,"523384,"
Som Datt Finance Corporation Ltd.,511571,Finance - Investment,214.42,1,2023-03,0.72,1,2023-06,31.27,8.2,0,3.13,3.51,"511571,"
Mercantile Ventures Ltd.,538942,Finance - NBFC,207.38,2,2022-03,11.48,2,2023-03,13.01,0.63,0,3.58,5.47,"538942,"
Avonmore Capital & Management Services Ltd.,AVONMORE,Finance - Investment,198.71,2,2022-03,40.45,2,2023-03,1.71,0.72,0.06,21.52,24.94,"AVONMORE,"
Indian Infotech & Software Ltd.,509051,Finance - Investment,197.1,1,2022-03,0.32,1,2023-06,101.75,0.85,0,0.14,0.19,"509051,"
Sakthi Finance Ltd.,511066,Finance - NBFC,195.93,1,2022-03,9.52,1,2023-03,15.68,0.95,5.28,4.88,9.85,"511066,"
Emkay Global Financial Services Ltd.,EMKAY,Finance - Stock Broking,195.13,2,2023-03,14,2,2023-03,13.78,0.96,0.07,7.11,7.7,"EMKAY,"
Paul Merchants Ltd.,539113,Finance - Investment,185.01,2,2022-03,40.18,2,2023-03,4.2,0.36,0.28,8.99,11.79,"539113,"
Mangal Credit and Fincorp Ltd.,505850,Finance - NBFC,181.65,1,2022-03,6.08,1,2023-06,20.61,1.59,0.27,5.91,8.47,"505850,"
Apollo Finvest (India) Ltd.,512437,Finance - Investment,176.58,1,2022-03,12.72,1,2023-03,17.52,3.4,0.24,35.84,42.44,"512437,"
Naysaa Securities Ltd.,538668,Finance - Stock Broking,170.53,1,2022-03,0.41,1,2023-03,0,10.45,0.5,12.43,7.69,"538668,"
Intellivate Capital Ventures Ltd.,506134,Finance - Investment,168.8,1,2022-03,-0.21,1,2023-03,130.85,8.67,0,-4.09,-4.67,"506134,"
Bombay Oxygen Investments Ltd.,509470,Finance - Investment,168.76,1,2023-03,4.92,1,2023-03,34.27,0.51,0,1.5,1.52,"509470,"
Naga Dhunseri Group Ltd.,NDGL,Finance - Investment,166.94,2,2022-03,3.86,2,2023-03,2.37,0.26,0,0.68,0.79,"NDGL,"
Reliance Home Finance Ltd.,RHFL,Finance - Housing,165.89,1,2022-03,-5439.6,1,2023-03,0.03,-1.94,-2.31,0,-66.73,"RHFL,"
Starteck Finance Ltd.,STARTECK,Finance - NBFC,163.52,2,2022-03,10.19,2,2023-03,7.49,0.91,0.57,6.63,5.02,"STARTECK,"
Capital Trust Ltd.,CAPTRUST,Finance - NBFC,161.85,2,2022-03,-10.35,1,2023-03,0,2.17,1.72,-8.24,5.04,"CAPTRUST,"
Shardul Securities Ltd.,512393,Finance - NBFC,161.67,2,2022-03,9.63,2,2023-03,73.25,0.36,0,2.23,2.89,"512393,"
Inventure Growth & Securities Ltd.,INVENTURE,Finance - Stock Broking,160.44,2,2022-03,13.95,2,2023-03,17.31,0.77,0.13,7.26,9.16,"INVENTURE,"
KIFS Financial Services Ltd.,535566,Finance - NBFC,159.02,1,2022-03,6.13,1,2023-03,24.86,3.55,6.35,16.34,12.89,"535566,"
Indianivesh Ltd.,501700,Finance - NBFC,156.78,2,2022-03,-3.89,2,2023-03,0,-5.02,-3.58,0,1.78,"501700,"
Aryaman Financial Services Ltd.,530245,Finance - Investment,153.03,2,2022-03,7.52,2,2023-03,39,2.73,0.73,19.39,15.88,"530245,"
Available Finance Ltd.,531310,Finance - NBFC,152.14,2,2022-03,0.35,2,2023-03,0.89,0.16,0,0.06,0.07,"531310,"
Credent Global Finance Ltd.,539598,Finance - NBFC,149.69,2,2022-03,1.07,2,2023-03,22.25,2.05,0.02,14.83,20.09,"539598,"
Capital Trade Links Ltd.,538476,Finance - NBFC,146.05,1,2023-03,2.5,1,2023-06,42.73,3.66,3.47,7.6,8.32,"538476,"
The Motor & General Finance Ltd.,MOTOGENFIN,Finance - NBFC,143.64,2,2022-03,-2.46,2,2023-03,0,3,0.06,-4.8,-3.62,"MOTOGENFIN,"
Regis Industries Ltd.,543208,Finance - NBFC,142.59,1,2022-03,-0.9,1,2023-03,0,8.68,0,-5.26,-5.26,"543208,"
Comfort Intech Ltd.,531216,Finance - NBFC,141.73,2,2022-03,4.8,2,2023-03,20.19,1.18,0.03,4.27,6.14,"531216,"
Coral India Finance & Housing Ltd.,CORALFINAC,Finance - NBFC,140.57,1,2023-03,18.32,1,2023-03,7.67,0.94,0,12.57,15.31,"CORALFINAC,"
Tamboli Capital Ltd.,533170,Finance - Investment,140.57,2,2023-03,10.55,2,2023-03,13.32,1.36,0.01,10.7,15.24,"533170,"
Shalibhadra Finance Ltd.,511754,Finance - NBFC,138.31,1,2022-03,6.02,1,2023-03,16.5,1.82,1.11,12.51,13.65,"511754,"
Welspun Investments and Commercials Ltd.,WELINV,Finance - Investment,132.02,1,2022-03,2.47,1,2023-03,24.08,0.69,0,1.75,2.75,"WELINV,"
Shriram Asset Management Company Ltd.,531359,Finance - Asset Management,125.24,1,2023-03,-4.03,1,2023-03,0,42.62,0.34,-733.41,-4.42,"531359,"
LKP Finance Ltd.,507912,Finance - Investment,123.98,2,2023-03,13.87,2,2023-06,3.36,0.4,0.41,4.73,4.94,"507912,"
Indbank Merchant Banking Services Ltd.,INDBANK,Finance - Stock Broking,123.11,1,2022-03,6.96,1,2023-06,21.59,1.62,0,10.29,14.9,"INDBANK,"
Ganges Securities Ltd.,GANGESSECU,Finance - Investment,119.44,2,2023-03,9.75,2,2023-03,12.29,0.27,0,1.81,2.38,"GANGESSECU,"
Vibrant Global Capital Ltd.,538732,Finance - Investment,117.61,2,2022-03,46.71,2,2023-03,0,1.16,0.51,50.35,35.31,"538732,"
Sonal Mercantile Ltd.,538943,Finance - NBFC,110.35,2,2022-03,6.09,2,2023-03,6.13,0.45,0.75,2.99,5.34,"538943,"
Kreon Finnancial Services Ltd.,530139,Finance - NBFC,104.87,1,2023-03,4.58,1,2023-03,22.9,3.48,0.51,37.64,18.47,"530139,"
Galactico Corporate Services Ltd.,542802,Finance - Investment,104.75,2,2022-03,2.7,2,2023-06,10.98,3.41,0.86,13.7,13.08,"542802,"
Palash Securities Ltd.,PALASHSECU,Finance - Investment,103.03,2,2023-03,-16.26,2,2023-03,0,0.29,0.06,-3.76,-2.54,"PALASHSECU,"
Munoth Capital Markets Ltd.,511200,Finance - Stock Broking,102.5,1,2022-03,0.13,1,2023-03,0,22.2,0.03,2.81,2.83,"511200,"
KBS India Ltd.,530357,Finance - Stock Broking,100.53,1,2022-03,0.39,1,2023-03,598.38,3.04,0,1.59,2.32,"530357,"
RSD Finance Ltd.,539875,Finance - NBFC,100.08,2,2022-03,18.03,2,2023-03,9,0.54,0.19,10.86,13.69,"539875,"
BLB Ltd.,BLBLIMITED,Finance - Stock Broking,99.49,1,2022-03,9.42,1,2023-06,13.93,1.04,0.05,11.36,14.34,"BLBLIMITED,"
SREI Infrastructure Finance Ltd.,SREINFRA,Finance - NBFC,97.6,2,2022-03,-2544.75,2,2023-03,0,-0.01,-5.48,0,-1.11,"SREINFRA,"
Caspian Corporate Services Ltd.,534732,Finance - Others,95.63,1,2022-03,0.5,1,2023-03,212.5,5.2,0,11.5,15.65,"534732,"
SPS Finquest Ltd.,538402,Finance - NBFC,93.67,1,2022-03,21.71,1,2023-03,68.63,1.64,0.53,48.54,34.74,"538402,"
Steel City Securities Ltd.,STEELCITY,Finance - Stock Broking,93.66,2,2022-03,13.1,2,2023-03,8.36,0.81,0,13.07,18.54,"STEELCITY,"
LKP Securities Ltd.,540192,Finance - Stock Broking,92.57,2,2023-03,3.73,2,2023-06,21.76,1.37,0.11,6.11,11.2,"540192,"
Garnet International Ltd.,512493,Finance - Investment,92.25,2,2023-03,3.26,2,2023-03,32.45,2.88,0.68,10.67,10.64,"512493,"
Kalyan Capitals Ltd.,538778,Finance - Others,90.95,2,2022-03,2.57,2,2023-03,26.1,2.22,0.45,8.95,18.36,"538778,"
Prismx Global Ventures Ltd.,501314,Finance - Investment,87.38,2,2022-03,0.32,2,2023-03,21.15,0.76,0.03,0.76,1.34,"501314,"
Sunshine Capital Ltd.,539574,Finance - NBFC,85.22,1,2022-03,-7.21,1,2023-03,47.61,0.83,0,-6.93,-6.8,"539574,"
Mefcom Capital Markets Ltd.,531176,Finance - Investment,83.4,2,2023-03,-5.63,2,2023-03,0,6.27,0.47,-35.82,-21.17,"531176,"
DB (International) Stock Brokers Ltd.,DBSTOCKBRO,Finance - Stock Broking,82.81,2,2022-03,8.64,2,2023-03,12.99,1.45,0.03,18.64,24.06,"DBSTOCKBRO,"
Mukesh Babu Financial Services Ltd.,530341,Finance - NBFC,81.56,2,2023-03,4.77,2,2023-03,17.1,0.4,0.13,2.33,3.91,"530341,"
PMC Fincorp Ltd.,534060,Finance - Investment,80.11,1,2022-03,1.81,1,2023-03,0,0.77,0.33,2.49,3.56,"534060,"
Sahara Housingfina Corporation Ltd.,511533,Finance - Housing,76.24,1,2022-03,1.78,1,2023-03,53.69,1.52,1.22,3.72,6.47,"511533,"
Canopy Finance Ltd.,539304,Finance - NBFC,75.87,1,2023-03,0.46,1,2023-06,139.72,6.37,0,4.89,5.1,"539304,"
Tilak Ventures Ltd.,503663,Finance - Investment,74.08,1,2022-03,-0.39,1,2023-03,30.45,1.01,0.05,-1.05,-0.58,"503663,"
Banas Finance Ltd.,509053,Finance - NBFC,73.61,2,2022-03,69.37,2,2023-03,0,0.48,0.04,54.4,67.18,"509053,"
Sangam Finserv Ltd.,538714,Finance - NBFC,69.84,1,2022-03,7.55,1,2023-03,10.84,0.59,0.39,6.94,8.54,"538714,"
Anjani Foods Ltd.,511153,Finance - NBFC,69.56,2,2022-03,0.16,2,2023-03,70.77,5.33,0.68,1.61,4.79,"511153,"
Gogia Capital Services Ltd.,531600,Finance - Stock Broking,69.15,1,2023-03,0.69,1,2023-06,11.18,1.3,0.4,1.48,4.86,"531600,"
Dynamic Portfolio Management & Services Ltd.,530779,Finance - NBFC,69.08,1,2022-03,0.07,1,2023-03,0,5.8,0.14,0.54,1.27,"530779,"
India Finsec Ltd.,535667,Finance - NBFC,68.59,2,2022-03,4.04,2,2023-03,7.47,1.19,1.48,7.33,9.02,"535667,"
Visagar Financial Services Ltd.,531025,Finance - NBFC,68.32,1,2022-03,0.24,1,2023-03,53.37,1.1,0.14,2.01,1.8,"531025,"
ACME Resources Ltd.,539391,Finance - NBFC,68.2,2,2022-03,2.66,2,2023-03,5.49,0.54,0.03,2.37,4.1,"539391,"
Emerald Finance Ltd.,538882,Finance - NBFC,67.82,2,2022-03,2.48,2,2023-06,17.69,1.54,0.13,9.28,12.76,"538882,"
Veeram Securities Ltd.,540252,Finance - Others,67.32,1,2022-03,3.99,1,2023-06,43.83,3.34,0,24.34,27.39,"540252,"
Keynote Financial Services Ltd.,KEYFINSERV,Finance - Investment,65.66,2,2022-03,16.08,2,2023-03,0,0.66,0.27,17.34,16.57,"KEYFINSERV,"
Abhinav Capital Services Ltd.,532057,Finance - NBFC,65.23,1,2022-03,4.69,1,2023-03,6.74,1.08,0.05,11.99,15.18,"532057,"
Futuristic Solutions Ltd.,534063,Finance - NBFC,64.92,1,2023-03,2.67,1,2023-03,24.29,4.34,0,18.89,23.93,"534063,"
Inditrade Capital Ltd.,532745,Finance - Stock Broking,63.87,2,2023-03,-20.34,2,2023-03,0,0.55,2.2,-16.12,3.52,"532745,"
Jhaveri Credits & Capital Ltd.,531550,Finance - Stock Broking,63.44,1,2022-03,0.27,1,2023-06,66.36,7.63,0.42,3.69,5.99,"531550,"
Arnold Holdings Ltd.,537069,Finance - NBFC,62.86,1,2022-03,1.51,1,2023-03,16.51,1.06,0.66,2.75,12.33,"537069,"
Zodiac Ventures Ltd.,503641,Finance - Investment,62.27,2,2022-03,0.41,2,2023-03,30.54,8.43,2.67,5,26.76,"503641,"
Sera Investments & Finance India Ltd.,512399,Finance - Others,62,1,2022-03,-1.09,1,2023-03,0,1.73,3.44,-7.67,2.34,"512399,"
Gujarat State Financial Corporation Ltd.,532160,Finance Term Lending,61.76,1,2023-03,-125.15,1,2023-03,0,-0.02,-0.24,0,0,"532160,"
Escorp Asset Management Ltd.,540455,Finance - Asset Management,61.15,1,2022-03,5.86,1,2023-03,34.84,1.45,0,19.93,21.01,"540455,"
East West Holdings Ltd.,540006,Finance - Investment,59.97,2,2022-03,2.83,2,2023-03,0,0.83,0.97,4.28,7.99,"540006,"
Aryaman Capital Markets Ltd.,538716,Finance - Stock Broking,59.89,1,2022-03,0.32,1,2023-03,40.25,0.09,1.68,1.81,6.03,"538716,"
ISL Consulting Ltd.,511609,Finance - Stock Broking,58.58,1,2022-03,1.51,1,2023-03,0,5.03,0.01,12.67,17.29,"511609,"
Optimus Finance Ltd.,531254,Finance - NBFC,58.06,2,2022-03,4.63,2,2023-03,12.83,1.88,0.4,25.75,24.94,"531254,"
GACM Technologies Ltd. - (DVR),SCAPDVR,Finance - Stock Broking,57.87,1,-0,,1,2018-03,0,,,,,"SCAPDVR,"
Wallfort Financial Services Ltd.,532053,Finance - Investment,57.86,1,2022-03,13.72,1,2023-03,11.47,0.48,0,12.33,14.98,"532053,"
Morarka Finance Ltd.,511549,Finance - NBFC,57.6,1,2022-03,3.69,1,2023-06,12.53,0.3,0,2.16,2.37,"511549,"
Alfred Herbert (India) Ltd.,505216,Finance - NBFC,57.25,2,2023-03,2.05,2,2023-06,38.84,0.53,0,1.94,1.9,"505216,"
Innovassynth Investments Ltd.,533315,Finance - NBFC,56.93,2,2023-03,-1.58,2,2023-03,0,1.54,0.09,-4.27,-3.18,"533315,"
Upsurge Investment & Finance Ltd.,531390,Finance - NBFC,56.64,1,2022-03,9.34,1,2023-03,112.6,1.52,0.05,28.17,30.2,"531390,"
Transwarranty Finance Ltd.,TFL,Finance - NBFC,53.86,2,2022-03,-2.15,2,2023-06,0,1.91,3.01,-14,4.42,"TFL,"
Prithvi Exchange (India) Ltd.,531688,Finance - Others,53.54,2,2022-03,0.05,2,2023-03,11.57,1.69,0.1,0.2,1.67,"531688,"
Biogen Pharmachem Industries Ltd.,531752,Finance - Others,52.21,1,2022-03,-0.01,1,2023-03,114.49,0.96,0,-0.02,-0.02,"531752,"
Gujarat Credit Corporation Ltd.,511441,Finance - NBFC,52,2,2022-03,0.04,2,2023-03,0,1.71,1.25,0.29,0.19,"511441,"
Times Guaranty Ltd.,TIMESGTY,Finance - Investment,51.08,1,2023-03,0.94,1,2023-03,54.54,1.17,0,2.17,2.5,"TIMESGTY,"
Adcon Capital Services Ltd.,539506,Finance - NBFC,51.04,1,2022-03,0.41,1,2023-03,0,1.55,0,10.76,12.88,"539506,"
Swastika Investmart Ltd.,530585,Finance - Stock Broking,50.85,2,2022-03,10.07,2,2023-06,8.75,0.87,0.28,22.41,24.82,"530585,"
Saumya Consultants Ltd.,539218,Finance - NBFC,49.78,1,2022-03,7.33,1,2023-03,0,0.57,0,8.64,9.92,"539218,"
Dharni Capital Services Ltd.,543753,Finance - Asset Management,48.89,1,2022-03,0.97,1,2023-03,41.08,3.76,0,81.19,104.25,"543753,"
Karnavati Finance Ltd.,538928,Finance - Investment,48.74,1,2022-03,0.3,1,2023-03,86.88,3.59,0.09,2.36,2.72,"538928,"
Joindre Capital Services Ltd.,531861,Finance - Stock Broking,48.43,2,2023-03,3.08,2,2023-03,15.74,0.68,0.04,4.35,6.69,"531861,"
Chartered Capital & Investment Ltd.,511696,Finance - Investment,48.37,1,2022-03,-0.02,1,2023-03,147.91,0.39,0,-0.03,0.09,"511696,"
Colab Cloud Platforms Ltd.,542866,Finance - Investment,47.1,1,2022-03,0.14,1,2023-03,55.55,2.37,0,3.67,4.07,"542866,"
WSFX Global Pay Ltd.,511147,Finance - NBFC,46.66,1,2022-03,-4.42,1,2023-03,39.95,1.7,0.48,-16.31,-14.7,"511147,"
Salem Erode Investments Ltd.,540181,Finance - NBFC,45.38,1,2023-03,-0.1,1,2023-03,0,1.75,0.42,-0.37,4.09,"540181,"
Walchand Peoplefirst Ltd.,501370,Finance - Investment,45.21,1,2023-03,3.5,1,2023-06,12.21,1.97,0.02,16.57,19.12,"501370,"
Advik Capital Ltd.,539773,Finance - NBFC,44.7,2,2022-03,0.47,2,2023-03,4.78,0.75,0.49,5.02,6.35,"539773,"
Assam Entrade Ltd.,542911,Finance - Investment,44.63,2,2022-03,2.24,2,2023-03,30,0.73,0,3.85,5.08,"542911,"
SKP Securities Ltd.,531169,Finance - Investment,43.54,1,2023-03,3.1,1,2023-03,14.03,1.29,0.08,9.64,15.04,"531169,"
Munoth Financial Services Ltd.,531821,Finance - Investment,43.42,1,2022-03,-0.05,1,2023-03,0,6.36,0.04,-0.72,-0.6,"531821,"
Ceejay Finance Ltd.,530789,Finance - NBFC,43.42,1,2022-03,4.97,1,2023-03,6.34,0.69,0.42,9.13,12.36,"530789,"
Apoorva Leasing Finance And Investment Company Ltd.,539545,Finance - Investment,43.17,2,2022-03,6.71,2,2023-03,20.88,0.3,0,4.71,5.79,"539545,"
Titan Securities Ltd.,530045,Finance - Investment,42.88,2,2022-03,1.71,2,2023-03,3.13,0.55,0,3.16,4.27,"530045,"
NCL Research & Financial Services Ltd.,530557,Finance - NBFC,42.81,1,2022-03,1.04,1,2023-03,71.12,0.34,0.02,1.67,1.68,"530557,"
Pan India Corporation Ltd.,511525,Finance - Investment,42.21,2,2023-03,-0.95,2,2023-03,0,3.29,0.02,-7.11,-7.03,"511525,"
HB Portfolio Ltd.,532333,Finance - Investment,42.03,2,2022-03,6.28,2,2023-03,13.75,0.22,0,3.5,3.76,"532333,"
Khandwala Securities Ltd.,KHANDSE,Finance - Stock Broking,41.86,2,2022-03,0.12,2,2023-03,94.48,1.42,0.32,0.59,2.89,"KHANDSE,"
Dhanlaxmi Cotex Ltd.,512485,Finance - Investment,41.46,1,2022-03,3.31,1,2023-03,174.18,0.84,0,8.07,9.42,"512485,"
Yogi Ltd.,511702,Finance - NBFC,40.99,1,2022-03,0,1,2023-03,0,1.53,0,-0.11,6.38,"511702,"
GACM Technologies Ltd.,GATECH,Finance - Stock Broking,40.83,2,2022-03,-8.04,2,2023-06,85.61,-25.05,-2.8,0,-97.95,"GATECH,"
Ashika Credit Capital Ltd.,543766,Finance - NBFC,40.67,1,2022-03,3.51,1,2023-03,6.91,0.71,0.19,7.06,10.13,"543766,"
HCKK Ventures Ltd.,539224,Finance - Investment,40.46,1,2022-03,-0.1,1,2023-06,0,10.2,0,-2.69,-3.42,"539224,"
Shrydus Industries Ltd.,511493,Finance - Investment,40.29,1,2022-03,0.04,1,2023-03,134.75,7.74,2.42,6.45,3.26,"511493,"
Global Capital Markets Ltd.,530263,Finance - NBFC,38.24,1,2022-03,0.98,1,2023-03,0,0.6,0,1.92,1.93,"530263,"
Visco Trade Associates Ltd.,540097,Finance - NBFC,37.89,2,2022-03,0.13,2,2023-03,0,0.66,0.16,0.19,0.55,"540097,"
Comfort Fincap Ltd.,535267,Finance - NBFC,37.87,2,2022-03,4.42,2,2023-03,7.86,0.77,1.13,10.29,11.46,"535267,"
Shree Securities Ltd.,538975,Finance - Investment,37.51,1,2022-03,0.3,1,2023-03,0,1.5,0,1.3,1.3,"538975,"
India Home Loan Ltd.,530979,Finance - Housing,37.35,1,2022-03,1.92,1,2023-03,61.63,0.84,2.86,4.61,10.81,"530979,"
Lakshmi Finance & Industrial Corporation Ltd.,LFIC,Finance - NBFC,37.3,1,2023-03,0.55,1,2023-03,67.7,0.8,0,1.17,0.43,"LFIC,"
Srestha Finvest Ltd.,539217,Finance - Investment,36.96,1,2022-03,-0.04,1,2023-03,0,0.6,0.53,-0.24,1.83,"539217,"
Sulabh Engineers & Services Ltd.,508969,Finance - NBFC,36.87,2,2022-03,1.11,2,2023-03,24.93,1.16,0.11,3.7,3.7,"508969,"
HB Stockholdings Ltd.,HBSL,Finance - NBFC,36.41,2,2023-03,-2.01,2,2023-03,0,0.56,0.01,-3.01,-3.06,"HBSL,"
BN Rathi Securities Ltd.,523019,Finance - Stock Broking,36.41,2,2023-03,7.58,2,2023-03,4.8,0.83,0,18.82,29.8,"523019,"
Pioneer Investcorp Ltd.,507864,Finance - Investment,36.25,2,2022-03,3.73,2,2023-03,17.64,0.26,0.36,2.79,7.01,"507864,"
Mehta Housing Finance Ltd.,511740,Finance - Housing,36.24,1,2022-03,-0.09,1,2023-03,0,7.16,0.01,-1.77,-1.77,"511740,"
Sai Capital Ltd.,531931,Finance - Investment,35.27,2,2022-03,11.05,2,2023-03,13.9,0.1,0.01,3.17,4.48,"531931,"
NAM Securities Ltd.,538395,Finance - Stock Broking,35.05,1,2022-03,0.45,1,2023-06,473.62,3.21,0,4.35,5.79,"538395,"
Ind Bank Housing Ltd.,523465,Finance - Housing,35,1,2022-03,-0.13,1,2023-06,0,-0.29,-1.08,0,-1.33,"523465,"
GCM Securities Ltd.,535431,Finance - Stock Broking,34.38,1,2022-03,-0.16,1,2023-03,0,2.89,0,-1.28,-0.66,"535431,"
3P Land Holdings Ltd.,3PLAND,Finance - Investment,34.04,2,2023-03,1.54,2,2023-06,21.88,0.51,0,2.31,3.08,"3PLAND,"
Haryana Capfin Ltd.,532855,Finance - Investment,33.88,1,2022-03,1.09,1,2023-06,20.49,0.19,0,0.92,1.23,"532855,"
J Taparia Projects Ltd.,538539,Finance - Investment,33.71,2,2023-03,0.75,2,2023-03,44.65,1.11,0.01,1.78,1.79,"538539,"
Bampsl Securities Ltd.,531591,Finance - Investment,33.63,1,2022-03,0.2,1,2023-03,78.2,0.89,0,0.55,0.65,"531591,"
Stanrose Mafatlal Investments & Finance Ltd.,506105,Finance - Investment,33.39,2,2023-03,-0.49,2,2023-03,0,0.57,0.03,-0.97,-0.75,"506105,"
Key Corp Ltd.,507948,Finance - NBFC,33.26,1,2023-03,15.36,1,2023-03,2.17,0.71,0,32.09,32.08,"507948,"
Morgan Ventures Ltd.,526237,Finance - NBFC,33.15,1,2023-03,6.58,1,2023-03,5.04,0.62,2.91,13.05,5.73,"526237,"
Sainik Finance & Industries Ltd.,530265,Finance - NBFC,32.87,1,2022-03,-8.13,1,2023-03,0,0.93,5.87,-20.62,3.76,"530265,"
ICDS Ltd.,ICDSLTD,Finance - NBFC,32.57,2,2022-03,5.84,2,2023-03,85.7,1.47,0.02,30.89,31.3,"ICDSLTD,"
Ad-Manum Finance Ltd.,511359,Finance - NBFC,32.41,1,2022-03,2.43,1,2023-03,6.45,0.55,0.15,4.38,4.58,"511359,"
Sumedha Fiscal Services Ltd.,530419,Finance - Investment,32.38,2,2022-03,2.65,2,2023-03,21.22,0.64,0,5.46,9.65,"530419,"
Mena Mani Industries Ltd.,531127,Finance - Investment,32.31,1,2022-03,1.16,1,2023-03,84.36,-34.42,-12.31,0,12.78,"531127,"
Arunjyoti Bio Ventures Ltd.,530881,Finance - Investment,32.1,1,2022-03,0.06,1,2023-06,104.22,14.87,0,2.85,3.91,"530881,"
Yamini Investments Ltd.,511012,Finance - Investment,32.07,1,2022-03,0.21,1,2023-03,151.99,0.48,0,0.31,0.42,"511012,"
Leading Leasing Finance And Investment Co Ltd.,540360,Finance - NBFC,32.01,1,2023-03,2.18,1,2023-03,14.71,1.87,4.83,20.38,4.98,"540360,"
Intec Capital Ltd.,526871,Finance - NBFC,31.81,2,2022-03,2.27,2,2023-03,0,0.8,0.84,3.39,1.94,"526871,"
TCFC Finance Ltd.,532284,Finance - NBFC,31.64,1,2023-03,0.6,1,2023-03,52.69,0.32,0,0.61,0.96,"532284,"
Softrak Venture Investment Ltd.,531529,Finance - Investment,31.01,1,2022-03,0.08,1,2023-03,0,0.72,0,0.18,0.24,"531529,"
Money Masters Leasing & Finance Ltd.,535910,Finance - NBFC,30.71,1,2022-03,0.42,1,2023-03,62.8,2.59,0.87,3.57,5.81,"535910,"
Luharuka Media & Infra Ltd.,512048,Finance - NBFC,30.65,1,2022-03,0.57,1,2023-03,45.81,2.07,0.45,4.13,5.33,"512048,"
Garbi Finvest Ltd.,539492,Finance - NBFC,30.5,1,2022-03,29.68,1,2023-03,5.19,0.42,0.02,55.48,57.21,"539492,"
ARC Finance Ltd.,540135,Finance - NBFC,30.3,1,2022-03,0.28,1,2023-03,92.37,0.59,0.49,0.56,0.93,"540135,"
Qgo Finance Ltd.,538646,Finance - Investment,30.11,1,2022-03,0.93,1,2023-03,17.11,2.3,4.78,8.5,12.12,"538646,"
Worth Investment & Trading Co Ltd.,538451,Finance - NBFC,29.64,1,2022-03,0.3,1,2023-03,33.01,2.53,6.36,6.11,4.38,"538451,"
Real Touch Finance Ltd.,538611,Finance - Investment,28.85,1,2022-03,1.45,1,2023-06,9.16,0.72,0,4.07,5.45,"538611,"
Utique Enterprises Ltd.,500014,Finance - Investment,27.84,1,2022-03,12.3,1,2023-03,44.97,0.41,0,31.17,31.22,"500014,"
Dhruva Capital Services Ltd.,531237,Finance - NBFC,27.73,1,2022-03,0.1,1,2023-03,504.09,3.51,0.01,2.08,2.09,"531237,"
Rita Finance and Leasing Ltd.,543256,Finance - NBFC,27.45,1,2022-03,1.17,1,2023-03,36.65,1.76,0.44,8.12,11.12,"543256,"
Invigorated Business Consulting Ltd.,511716,Finance - NBFC,27.37,1,2023-03,-0.45,1,2023-06,0,-0.15,-0.05,0,0,"511716,"
TTI Enterprise Ltd.,538597,Finance - NBFC,27.26,1,2022-03,0.06,1,2023-03,0,1.03,0,0.21,-0.23,"538597,"
Apex Capital and Finance Ltd.,541133,Finance - NBFC,27,1,2022-03,0.35,1,2021-09,55.78,1.09,1.42,1.37,6.31,"541133,"
Pulsar International Ltd.,512591,Finance - NBFC,26.66,1,2022-03,-0.07,1,2023-03,206.63,5.21,0,-1.83,-1.83,"512591,"
Ladderup Finance Ltd.,530577,Finance - NBFC,26.28,2,2022-03,3.65,2,2023-03,0,0.38,0.03,5.55,7.68,"530577,"
AF Enterprises Ltd.,538351,Finance - Investment,26.2,2,2022-03,1.12,2,2023-03,70.24,0.62,0.36,7.77,9.64,"538351,"
Gold Line International Finvest Ltd.,538180,Finance Term Lending,26.05,1,2022-03,0.18,1,2023-03,383.06,0.49,0.01,0.33,0.39,"538180,"
Bombay Talkies Ltd.,511246,Finance - NBFC,25.54,1,2022-03,-0.18,1,2023-03,0,4.68,0,-3.3,-3.28,"511246,"
Ashirwad Capital Ltd.,512247,Finance - Investment,25.37,1,2023-03,0.76,1,2023-06,28.92,1.64,0,5.86,6.56,"512247,"
Greencrest Financial Services Ltd.,531737,Finance - NBFC,25.22,1,2023-03,1.26,1,2023-03,20.09,0.48,0.47,2.41,4.17,"531737,"
Easun Capital Markets Ltd.,542906,Finance - Investment,25.1,1,2022-03,0.98,1,2023-03,101.62,1.23,0,5.01,5.94,"542906,"
Alacrity Securities Ltd.,535916,Finance - Stock Broking,24.66,1,2022-03,3.63,1,2023-03,7.63,1,0.56,18.57,16.17,"535916,"
Aastamangalam Finance Ltd.,511764,Finance - NBFC,24.29,1,2022-03,0.12,1,2023-03,16.72,0.75,0,0.89,1.8,"511764,"
Elixir Capital Ltd.,531278,Finance - Investment,24.2,2,2022-03,12.98,2,2023-03,0,0.72,0.47,39.42,36.97,"531278,"
India Cements Capital Ltd.,511355,Finance - NBFC,24.09,2,2022-03,0.25,2,2023-03,33.46,1.48,2.87,1.59,0.68,"511355,"
Supra Pacific Management Consultancy Ltd.,540168,Finance - NBFC,24.03,1,2022-03,0.51,1,2023-03,93.5,1.12,2.71,6.27,11.46,"540168,"
Yash Management & Satellite Ltd.,511601,Finance - Investment,23.99,2,2022-03,-0.01,2,2023-03,0,1.04,0.48,-0.06,1.24,"511601,"
Nagreeka Capital & Infrastructure Ltd.,NAGREEKCAP,Finance - NBFC,23.84,1,2022-03,3.59,1,2023-03,0,-2.24,5.28,15.05,9.19,"NAGREEKCAP,"
CNI Research Ltd.,512018,Finance - Investment,23.65,1,2022-03,1.7,1,2023-03,0,2.09,0,16.79,16.98,"512018,"
Roselabs Finance Ltd.,531324,Finance - NBFC,23.5,1,2023-03,2.02,1,2023-06,11.65,-5.41,-1,0,0,"531324,"
Nidhi Granites Ltd.,512103,Finance - Others,23.46,2,2023-03,0.44,2,2023-03,53.69,2.8,0.27,8.09,9.83,"512103,"
SMIFS Capital Markets Ltd.,508905,Finance - Investment,23.43,2,2022-03,2.02,1,2022-12,98.46,0.2,0,1.84,1.91,"508905,"
Smart Finsec Ltd.,539494,Finance - NBFC,23.19,1,2022-03,3.46,1,2023-03,16.42,1.91,0.24,38.49,30.75,"539494,"
Williamson Magor & Company Ltd.,WILLAMAGOR,Finance - NBFC,23.17,2,2022-03,-14.5,2,2023-03,1.35,-0.16,-3.78,0,5.28,"WILLAMAGOR,"
Odyssey Corporation Ltd.,531996,Finance - Investment,23.09,2,2022-03,6.05,2,2023-03,36.76,0.33,0.01,9.2,9.08,"531996,"
Sarvottam Finvest Ltd.,539124,Finance - NBFC,22.83,1,2022-03,-0.24,1,2023-03,0,0.92,0,-0.92,-0.64,"539124,"
21st Century Management Services Ltd.,21STCENMGM,Finance - Investment,22.4,2,2023-03,-18.06,2,2023-03,0,1.08,0.48,-70.59,-57.69,"21STCENMGM,"
Hybrid Financial Services Ltd.,HYBRIDFIN,Finance - NBFC,22.37,2,2023-03,0.51,2,2023-03,44.13,0.98,0.09,2.15,2.78,"HYBRIDFIN,"
Nalin Lease Finance Ltd.,531212,Finance - NBFC,21.76,1,2022-03,2.6,1,2023-03,7.28,0.79,0.02,11.04,15.19,"531212,"
Oasis Securities Ltd.,512489,Finance - NBFC,21.46,1,2022-03,2.3,1,2023-03,0,1.95,0,22.49,84.64,"512489,"
Pro Fin Capital Services Ltd.,511557,Finance - NBFC,21.2,1,2022-03,3.77,1,2023-03,29,0.54,8.87,14.41,9.76,"511557,"
Enbee Trade & Finance Ltd.,512441,Finance - NBFC,21.08,1,2022-03,0.94,1,2023-03,115.85,0.71,1.02,9.46,11.22,"512441,"
Swarna Securities Ltd.,531003,Finance - NBFC,20.53,1,2023-03,0.71,1,2023-03,28.83,4.07,0,15.19,18.49,"531003,"
Bervin Investment & Leasing Ltd.,531340,Finance - Investment,20.48,1,2022-03,13.71,1,2023-03,0,1.13,0,44.8,55.78,"531340,"
Kapil Raj Finance Ltd.,539679,Finance - NBFC,19.69,1,2022-03,-0.11,1,2023-03,72.93,1.51,0.06,-1.76,-2.23,"539679,"
Onesource Ideas Venture Ltd.,530805,Finance - Others,19.68,1,2022-03,0,1,2023-03,137.62,3.32,0,0.03,0.49,"530805,"
Marg Techno Projects Ltd.,540254,Finance - NBFC,19.65,1,2022-03,0.35,1,2023-03,39.86,1.61,3.56,5.87,8.73,"540254,"
MPIL Corporation Ltd.,500450,Finance - Others,19.15,1,2022-03,0.85,1,2023-03,26.23,1.24,0.01,5.92,9.13,"500450,"
Easy Fincorp Ltd.,511074,Finance - Investment,19.02,1,2023-03,-0.16,1,2023-03,0,1.55,0.14,-1.95,-0.55,"511074,"
Vertex Securities Ltd.,531950,Finance - Stock Broking,18.58,2,2022-03,0.28,2,2023-06,0,2.11,0.64,2.92,9.04,"531950,"
Sharp Investments Ltd.,538212,Finance - Investment,18.4,1,2022-03,-0.02,1,2023-03,0,0.65,0,-0.05,-0.05,"538212,"
Anupam Finserv Ltd.,530109,Finance - NBFC,17.69,1,2022-03,1.32,1,2022-03,13.43,1.24,0.22,9.98,13.3,"530109,"
My Money Securities Ltd.,538862,Finance - Stock Broking,17.66,1,2022-03,0.93,1,2023-03,67.14,0.99,0.07,8.19,8.31,"538862,"
Comfort Commotrade Ltd.,534691,Finance - Stock Broking,17.32,2,2022-03,1.58,2,2023-03,0,0.58,0.45,5.16,10.83,"534691,"
Econo Trade (India) Ltd.,538708,Finance - Investment,17.27,1,2022-03,0.75,1,2023-03,9.21,0.42,0.22,1.93,3.8,"538708,"
JMJ Fintech Ltd.,538834,Finance - NBFC,17.24,1,2022-03,0.05,1,2023-03,20.72,1.36,0,0.42,0.41,"538834,"
Ajcon Global Services Ltd.,511692,Finance - Investment,17.13,2,2022-03,2.18,2,2023-03,30.86,0.79,0.46,10.93,10.6,"511692,"
PH Capital Ltd.,500143,Finance - Investment,17.1,1,2022-03,11.61,1,2023-03,0,0.65,0,47.56,59.52,"500143,"
Jindal Capital Ltd.,530405,Finance - Investment,17.03,1,2022-03,0.45,1,2023-03,140.77,1.92,0,5.37,9.01,"530405,"
KJMC Corporate Advisors (India) Ltd.,532304,Finance - Stock Broking,16.88,2,2022-03,0.28,2,2023-03,43.51,0.37,0.05,0.5,1.09,"532304,"
Monotype India Ltd.,505343,Finance - Stock Broking,16.87,1,2021-03,0.47,1,2021-03,35.56,,-1.47,0,4.09,"505343,"
Mansi Finance (Chennai) Ltd.,511758,Finance - NBFC,16.79,1,2022-03,0.65,1,2023-03,8.4,0.52,1.08,2.15,6.41,"511758,"
NEIL Industries Ltd.,539016,Finance - NBFC,16.42,1,2022-03,-2.79,1,2023-03,8.87,0.3,0,-5.13,-3.8,"539016,"
Virat Leasing Ltd.,539167,Finance - NBFC,16.23,1,2022-03,0.03,1,2021-09,31.32,0.99,0.05,0.19,1.52,"539167,"
ISF Ltd.,526859,Finance - NBFC,16.15,1,2022-03,0.59,1,2023-03,0,1.14,0.07,4.25,6.36,"526859,"
Onelife Capital Advisors Ltd.,ONELIFECAP,Finance - Investment,16.07,2,2022-03,-0.4,2,2023-03,0,0.2,0.18,-0.47,-0.26,"ONELIFECAP,"
KJMC Financial Services Ltd.,530235,Finance - NBFC,15.91,2,2022-03,-0.51,2,2023-03,0,0.19,0.05,-0.65,0.98,"530235,"
Trinity League India Ltd.,531846,Finance - Others,15.83,2,2022-03,0.21,2,2023-03,149.38,2.7,0.57,8.78,8.93,"531846,"
Indo Asia Finance Ltd.,530747,Finance - NBFC,15.75,1,2022-03,-8.92,1,2023-03,14.18,3.06,0.14,-104.91,-98.72,"530747,"
Vani Commercials Ltd.,538918,Finance - NBFC,15.73,1,2022-03,0.05,1,2022-12,28.76,1.13,3.2,1.1,4.98,"538918,"
Mask Investments Ltd.,MASKINVEST,Finance - Investment,15.73,1,2023-03,0.06,1,2023-03,266.62,0.16,0.01,0.07,0.12,"MASKINVEST,"
Paragon Finance Ltd.,531255,Finance - NBFC,15.64,1,2022-03,0.68,1,2023-03,0,0.59,0.03,2.57,3.35,"531255,"
Franklin Leasing And Finance Ltd.,539839,Finance - NBFC,15.62,1,2022-03,0.2,1,2023-03,101.46,0.42,2.22,0.55,8.37,"539839,"
Khoobsurat Ltd.,535730,Finance - Investment,15.54,1,2022-03,0.24,1,2023-03,57.35,0.61,0,0.97,1.3,"535730,"
Inter Globe Finance Ltd.,511391,Finance - NBFC,15.49,1,2022-03,-1.56,1,2023-03,8.38,0.17,0.03,-1.78,0.83,"511391,"
Shalimar Agencies Ltd.,539895,Finance - Investment,15.4,1,2022-03,-0.11,1,2023-03,0,5.39,0,-3.57,-3.55,"539895,"
Indus Finance Ltd.,531841,Finance - NBFC,15.28,1,2022-03,-3.38,1,2023-03,38.77,1.2,0.54,-23.47,-5.21,"531841,"
Stephanotis Finance Ltd.,512215,Finance - NBFC,14.7,1,2022-03,-0.02,1,2023-03,0,0.57,0.04,-0.1,-0.11,"512215,"
Gilada Finance & Investments Ltd.,538788,Finance - Stock Broking,14.61,1,2022-03,1.33,1,2023-03,9.63,0.89,0.04,8.53,10.35,"538788,"
Abirami Financial Services (India) Ltd.,511756,Finance - Investment,14.58,1,2022-03,-0.19,1,2023-03,1,0.67,0,-2.38,-2.38,"511756,"
Alexander Stamps And Coin Ltd.,511463,Finance - Investment,14.57,1,2022-03,-0.07,1,2023-03,0,0.86,0,-0.42,-0.38,"511463,"
Prism Medico and Pharmacy Ltd.,512217,Finance - Investment,14.56,1,2022-03,-0.37,1,2023-03,0,0.96,0,-2.9,-3.91,"512217,"
Parshwanath Corporation Ltd.,511176,Finance - Housing,14.5,1,2022-03,0.3,1,2023-03,50.19,1.31,0.02,2.8,3.36,"511176,"
Vedant Asset Ltd.,543623,Finance - Asset Management,14.36,1,2022-03,0.14,1,2023-03,54.4,2.72,0,6.25,8.1,"543623,"
Aroma Enterprises (India) Ltd.,531560,Finance - Investment,14.28,1,2022-03,-0.67,1,2023-03,0,-19.45,-4.87,0,-12.07,"531560,"
Sterling Guaranty & Finance Ltd.,508963,Finance - NBFC,14.09,1,2022-03,-0.04,1,2023-03,402.53,-14.65,-1,0,-75.6,"508963,"
Margo Finance Ltd.,500206,Finance - NBFC,14.01,1,2023-03,-0.57,1,2023-03,0,0.24,0,-0.85,-0.52,"500206,"
Viji Finance Ltd.,VIJIFIN,Finance - NBFC,13.86,2,2022-03,0.44,2,2023-06,58.73,1.14,0.4,3.87,3.59,"VIJIFIN,"
Manraj Housing Finance Ltd.,530537,Finance - Housing,13.77,1,2022-03,-0.17,1,2023-03,0,-27.83,-54.43,0,-0.89,"530537,"
Continental Securities Ltd.,538868,Finance - NBFC,13.37,1,2022-03,0.53,1,2023-06,20.69,1.75,0.01,8.15,11.02,"538868,"
F Mec International Financial Services Ltd.,539552,Finance - NBFC,13.34,1,2022-03,0.1,1,2023-03,54.24,3.63,0.25,3.02,4.06,"539552,"
Premier Capital Services Ltd.,511016,Finance - NBFC,13.19,1,2022-03,-0.12,1,2023-03,0,0.68,0.01,-0.6,-0.6,"511016,"
Cil Securities Ltd.,530829,Finance - Stock Broking,13.14,1,2023-03,2.6,1,2023-03,5.06,0.5,0,10.33,13.49,"530829,"
Gajanan Securities Services Ltd.,538609,Finance - Stock Broking,12.85,2,2022-03,0.54,2,2023-03,24.11,0.11,0,0.48,0.54,"538609,"
Surya India Ltd.,539253,Finance - Investment,12.75,1,2022-03,-0.24,1,2022-06,0,0.19,0,-0.37,-0.01,"539253,"
Shreevatsa Finance & Leasing Ltd.,532007,Finance - NBFC,12.74,1,2022-03,0.43,1,2023-03,37.91,0.58,0,2.02,2.76,"532007,"
Beryl Securities Ltd.,531582,Finance - NBFC,12.72,1,2022-03,0.35,1,2023-03,97.07,1.36,0,3.82,4.57,"531582,"
Rapid Investments Ltd.,501351,Finance - NBFC,12.62,1,2022-03,0,1,2023-03,350.64,5.82,0.13,0.01,0.37,"501351,"
BFL Asset Finvest Ltd.,539662,Finance - NBFC,12.52,1,2022-03,0.69,1,2023-03,34.21,1.02,0.18,6.02,8.76,"539662,"
Helpage Finlease Ltd.,539174,Finance - NBFC,12.46,1,2023-03,0.61,1,2023-03,20.47,0.86,1.85,4.3,5.15,"539174,"
Kartik Investments Trust Ltd.,501151,Finance - Investment,12.35,1,2023-03,-0.02,1,2023-06,0,3.07,0,-0.65,-0.65,"501151,"
KK Fincorp Ltd.,503669,Finance - NBFC,12.32,2,2022-03,1.89,2,2023-03,19.59,0.85,0,14.38,16.83,"503669,"
Integrated Capital Services Ltd.,539149,Finance - NBFC,12.31,2,2022-03,-4.52,2,2023-03,16.38,1.38,0.36,-65.22,-53.08,"539149,"
Tradewell Holdings Ltd.,531203,Finance - Investment,12.24,1,2022-03,-0.04,1,2023-03,0,3.11,1.01,-0.86,-0.55,"531203,"
Sagar Productions Ltd.,532092,Finance - Investment,12.16,1,2022-03,0.04,1,2023-03,0,2.01,0.04,0.68,0.67,"532092,"
Glance Finance Ltd.,531199,Finance - NBFC,12.05,1,2022-03,2.1,1,2023-03,0,0.48,0.37,9.49,13.2,"531199,"
BCL Enterprises Ltd.,539621,Finance - NBFC,12.01,1,2022-03,8.73,1,2022-12,12.97,0.75,0,73.24,93.52,"539621,"
Unifinz Capital India Ltd.,541358,Finance - NBFC,11.93,1,2022-03,1.05,1,2023-03,0,2.49,0.08,19.21,20.61,"541358,"
Pyxis Finvest Ltd.,534109,Finance - NBFC,11.79,1,2022-03,1.67,1,2022-03,7.06,0.7,0.01,10.47,10.83,"534109,"
Prism Finance Ltd.,531735,Finance - NBFC,11.73,1,2022-03,10.7,1,2022-12,0,0.53,0,64.36,71.39,"531735,"
Fruition Venture Ltd.,538568,Finance - Stock Broking,11.63,1,2022-03,0.78,1,2023-03,140.1,1.84,0,13.25,17.24,"538568,"
Abhishek Finlease Ltd.,538935,Finance - NBFC,11.41,1,2022-03,0.12,1,2023-03,132.63,2.72,0.01,2.89,3.73,"538935,"
Capfin India Ltd.,539198,Finance - Investment,11.41,1,2022-03,0.04,1,2023-03,62.69,3.71,0,1.25,1.7,"539198,"
Consecutive Investments & Trading Company Ltd.,539091,Finance - Investment,11.35,1,2022-03,0.1,1,2023-03,114.65,2.27,0,2.09,2.1,"539091,"
Kiduja India Ltd.,507946,Finance - NBFC,11.3,1,2022-03,-4.51,1,2023-03,0,-0.19,-3.11,0,-6.48,"507946,"
Sita Enterprises Ltd.,512589,Finance - NBFC,10.92,1,2022-03,0.6,1,2023-06,8.44,0.9,0,5.54,6.01,"512589,"
Daulat Securities Ltd.,530171,Finance - Stock Broking,10.9,1,2022-03,0.84,1,2023-03,26.08,0.68,0,5.97,7.85,"530171,"
Regency Fincorp Ltd.,540175,Finance - Investment,10.69,1,2023-03,0.92,1,2023-03,11.55,0.78,6.57,7.01,11.05,"540175,"
CMX Holdings Ltd.,532217,Finance - Investment,10.66,1,2022-03,-0.43,1,2023-03,0,-2.04,-1,0,-214.88,"532217,"
Sumeru Industries Ltd.,530445,Finance - Investment,10.66,1,2022-03,0.01,1,2023-06,560.84,1.03,0,0.09,0.09,"530445,"
SI Capital & Financial Services Ltd.,530907,Finance - Investment,10.5,1,2022-03,-0.13,1,2023-03,0,3.71,0.44,-5.51,-0.88,"530907,"
Navigant Corporate Advisors Ltd.,539521,Finance - Investment,10.5,1,2022-03,1.12,1,2023-03,12.25,1.24,0,14.09,18.43,"539521,"
Jindal Leasefin Ltd.,539947,Finance - Investment,10.43,1,2022-03,0.19,1,2023-03,0,1.31,0,2.53,1.19,"539947,"
Gallops Enterprises Ltd.,531902,Finance - NBFC,10.38,1,2022-03,0.09,1,2023-03,0,6.96,0,6.07,6.07,"531902,"
Minolta Finance Ltd.,532164,Finance - NBFC,10.35,1,2022-03,0.05,1,2023-03,202.94,0.97,0.07,0.46,0.59,"532164,"
Ladam Affordable Housing Ltd.,540026,Finance - Investment,10.25,2,2022-03,0.56,2,2023-03,0,0.37,0.53,2.02,2.42,"540026,"
Mehta Integrated Finance Ltd.,511377,Finance - Investment,10.24,1,2022-03,-0.31,1,2023-03,19.07,0.68,0.12,-2.21,-1.98,"511377,"
Essar Securities Ltd.,533149,Finance - Investment,10.23,1,2023-03,-0.12,1,2023-03,0,13.31,0,-14.87,-14.79,"533149,"
Avasara Finance Ltd.,511730,Finance - NBFC,10.2,1,2022-03,-0.36,1,2023-03,351.62,4.55,0,-15.22,-14.77,"511730,"
Sigrun Holdings Ltd.,531863,Finance - NBFC,10.17,1,2016-03,-0.12,1,2016-03,0,0.14,0,-0.17,-0.17,"531863,"
SP Capital Financing Ltd.,530289,Finance - NBFC,10.08,2,2022-03,1.43,2,2023-03,20.68,0.44,0.25,7.57,9.15,"530289,"
Market Creators Ltd.,526891,Finance - Investment,10.06,1,2022-03,0.98,1,2023-03,108.16,0.96,0.27,9.94,15.04,"526891,"
Stellar Capital Services Ltd.,536738,Finance - NBFC,9.98,1,2022-03,0.31,1,2023-03,0,0.21,0,0.65,0.84,"536738,"
DCM Financial Services Ltd.,DCMFINSERV,Finance - NBFC,9.96,2,2022-03,0.47,2,2023-03,0,-0.21,-1.82,0,2.46,"DCMFINSERV,"
Dalal Street Investments Ltd.,501148,Finance - Investment,9.92,1,2022-03,0.02,1,2023-03,139.72,2.07,0.89,0.5,4.06,"501148,"
India Lease Development Ltd.,500202,Finance - NBFC,9.85,1,2022-03,-0.14,1,2023-03,0,0.93,0,-1.3,-1.28,"500202,"
RR Financial Consultants Ltd.,511626,Finance - Investment,9.67,2,2022-03,0.47,2,2023-03,18.59,0.21,0.22,1.03,2.17,"511626,"
Gujarat Investa Ltd.,531341,Finance - NBFC,9.66,1,2022-03,0.03,1,2023-03,229.95,0.91,0,0.3,0.4,"531341,"
Sujala Trading & Holdings Ltd.,539117,Finance - Investment,9.53,1,2023-03,0.11,1,2023-03,87.4,0.59,0.39,0.68,0.61,"539117,"
Tokyo Finance Ltd.,531644,Finance - NBFC,9.51,1,2022-03,0.03,1,2023-06,11.38,0.86,0,0.27,0.27,"531644,"
SRG Securities Finance Ltd.,536710,Finance - NBFC,9.48,1,2022-03,0.39,1,2023-03,18.3,0.68,0,2.98,5.36,"536710,"
Sellwin Traders Ltd.,538875,Finance - Investment,9.46,1,2022-03,0.31,1,2023-06,0,0.61,0.13,20.72,19.12,"538875,"
Esaar (India) Ltd.,531502,Finance - NBFC,9.4,1,2022-03,20.97,1,2023-03,2.1,0.25,1.93,68.11,27.79,"531502,"
Sugal & Damani Share Brokers Ltd.,511654,Finance - Stock Broking,9.38,1,2022-03,1.37,1,2023-03,9.59,0.49,0,7.87,10.43,"511654,"
CFSL Ltd.,511710,Finance - NBFC,9.25,1,2022-03,0.67,1,2023-03,0,0.68,0,4.98,6.05,"511710,"
Photon Capital Advisors Ltd.,509084,Finance - Investment,9.21,2,2022-03,1.9,2,2023-03,0,0.9,0,17.95,18.15,"509084,"
Octal Credit Capital Ltd.,538894,Finance - NBFC,9.1,2,2022-03,2.49,2,2023-03,0,0.67,0,19.23,20.57,"538894,"
Moongipa Capital Finance Ltd.,530167,Finance - NBFC,9.06,1,2022-03,2.45,1,2023-03,0,1.94,0,49.32,60.91,"530167,"
Ramsons Projects Ltd.,530925,Finance - NBFC,9,1,2022-03,0.13,1,2023-03,0,0.93,0,1.36,1.43,"530925,"
Inani Securities Ltd.,531672,Finance - Stock Broking,8.97,1,2022-03,0.4,1,2023-03,19.85,0.51,0.03,2.35,4.58,"531672,"
Mehta Securities Ltd.,511738,Finance - Investment,8.95,1,2022-03,-0.88,1,2022-12,0,1.79,0,-16.22,-16.22,"511738,"
Rich Universe Network Ltd.,530271,Finance - Investment,8.78,1,2022-03,0.05,1,2023-03,0,1.17,0.22,0.71,0.73,"530271,"
Golechha Global Finance Ltd.,531360,Finance - NBFC,8.72,1,2022-03,0.4,1,2023-03,0,1.21,0,4.32,5.76,"531360,"
Libord Finance Ltd.,511593,Finance - NBFC,8.63,2,2022-03,0.08,2,2023-03,0,0.56,0,0.56,1.03,"511593,"
Amarnath Securities Ltd.,538465,Finance - Investment,8.54,1,2022-03,0.06,1,2023-03,64.18,2.08,0.11,1.64,1.98,"538465,"
Integra Capital Management Ltd.,531314,Finance - NBFC,8.47,1,2021-03,0.39,1,2023-03,0,2.3,0,10.49,10.89,"531314,"
Indergiri Finance Ltd.,531505,Finance - NBFC,8.43,1,2022-03,-0.15,1,2023-06,0,1.69,0,-2.98,1.79,"531505,"
Anjani Finance Ltd.,531878,Finance - NBFC,8.42,1,2022-03,-0.79,1,2023-06,5.22,0.59,0.49,-6.12,-2.61,"531878,"
Bharat Bhushan Finance & Commodity Brokers Ltd.,511501,Finance - Investment,8.29,1,2022-03,0.1,1,2023-03,70.82,0.43,0,0.53,0.71,"511501,"
Gujarat Lease Financing Ltd.,500174,Finance - NBFC,8.27,1,2022-03,-0.08,1,2023-06,36.45,-1.91,-2.26,0,-1.46,"500174,"
Svaraj Trading & Agencies Ltd.,503624,Finance - Investment,8.11,1,2022-03,0.52,1,2023-03,0,0.14,0,0.96,1.3,"503624,"
NPR Finance Ltd.,530127,Finance - NBFC,8.09,1,2022-03,-0.05,1,2023-03,0,0.16,0.01,-0.1,0.62,"530127,"
Modern Engineering And Projects Ltd.,539762,Finance - Investment,8.08,1,2022-03,-2.99,1,2022-09,0,-9.9,83.48,-190.8,-59.46,"539762,"
Sri Amarnath Finance Ltd.,538863,Finance - NBFC,7.75,1,2023-03,2.59,1,2022-12,3.06,0.11,0,3.76,4.81,"538863,"
Panafic Industrials Ltd.,538860,Finance - NBFC,7.72,1,2022-03,1.24,1,2023-03,72.15,0.78,0,13.35,10.78,"538860,"
Agarwal Fortune India Ltd.,530765,Finance - NBFC,7.62,1,2022-03,-0.32,1,2023-03,122.84,17.87,0,-69.42,-37.97,"530765,"
Goyal Associates Ltd.,530663,Finance - NBFC,7.51,1,2022-03,-0.45,1,2023-03,12.99,2.75,0.98,-19.85,-6.88,"530663,"
Mahamaya Investments Ltd.,511187,Finance - Investment,7.5,2,2022-03,0.07,2,2023-03,0,1.7,0.38,1.32,1.62,"511187,"
Adinath Exim Resources Ltd.,532056,Finance - Investment,7.39,1,2022-03,0.35,1,2023-03,10.85,0.44,0,2.28,4.79,"532056,"
Thirdwave Financial Intermediaries Ltd.,531652,Finance - Investment,7.37,1,2022-03,0.06,1,2023-06,0,18.31,0,7.02,4.62,"531652,"
Arunis Abode Ltd.,526935,Finance - Investment,7.35,2,2022-03,0.17,2,2023-03,42.73,1.21,0.29,2.9,3.24,"526935,"
Madhusudan Securities Ltd.,511000,Finance - Investment,7.35,1,2022-03,-0.09,1,2023-03,0,0.14,0,-0.29,-0.27,"511000,"
NDA Securities Ltd.,511535,Finance - Stock Broking,7.28,2,2023-03,0.79,2,2023-03,10.49,0.84,0.07,9.47,3.52,"511535,"
Kumbhat Financial Services Ltd.,526869,Finance - NBFC,7.26,1,2023-03,0.1,1,2023-03,75.37,1.64,0,2.2,2.52,"526869,"
RKD Agri & Retail Ltd.,511169,Finance - Investment,7.26,1,2022-03,0.02,1,2022-12,0,14.05,-4.73,0,1.67,"511169,"
Abhinav Leasing & Finance Ltd.,538952,Finance - NBFC,7.25,1,2022-03,0.06,1,2023-03,74.71,1.29,0,1.13,15.95,"538952,"
Libord Securities Ltd.,531027,Finance - Investment,7.22,1,2022-03,0.02,1,2023-03,98.97,1.81,0,0.52,0.59,"531027,"
United Credit Ltd.,531091,Finance - NBFC,7.03,1,2022-03,0.75,1,2023-03,9.71,0.26,0,2.89,4.87,"531091,"
Relic Technologies Ltd.,511712,Finance - Stock Broking,7.02,2,2022-03,0.43,2,2023-03,30.66,1.18,0,7.87,10.09,"511712,"
Blue Chip India Ltd.,531936,Finance - Investment,6.91,1,2022-03,-0.25,1,2023-03,10.03,1.52,0,-9.46,-9.45,"531936,"
Suvifin Credit Solutions Ltd.,538647,Finance - NBFC,6.91,1,2022-03,4.25,1,2023-03,18.53,0.25,1.81,13.94,10.12,"538647,"
Rajath Finance Ltd.,507962,Finance - NBFC,6.84,1,2021-03,0.02,1,2023-06,0,1.01,0,0.26,0.71,"507962,"
Savani Financials Ltd.,511577,Finance - NBFC,6.83,1,2022-03,0.02,1,2023-03,0,3.25,0,0.7,0.7,"511577,"
Indo-City Infotech Ltd.,532100,Finance - Others,6.76,1,2022-03,-0.03,1,2023-03,0,0.55,0,-0.23,-0.19,"532100,"
Step Two Corporation Ltd.,531509,Finance - NBFC,6.71,1,2022-03,0.14,1,2023-03,13.56,1.2,0,2.86,3.68,"531509,"
Goenka Business & Finance Ltd.,538787,Finance - NBFC,6.57,1,2022-03,0.6,1,2023-03,45.59,0.23,0,2.08,58.33,"538787,"
Siddha Ventures Ltd.,530439,Finance - Investment,6.55,2,2022-03,0.3,2,2023-03,0.31,0.16,0,1.61,1.61,"530439,"
Gowra Leasing & Finance Ltd.,530709,Finance - NBFC,6.4,1,2022-03,0.76,1,2023-03,6.21,0.42,0,5.54,6.88,"530709,"
Seven Hill Industries Ltd.,511760,Finance - Investment,6.37,1,2022-03,0.05,1,2023-03,43.64,1.12,1.11,0.95,0.34,"511760,"
Krishna Capital And Securities Ltd.,539384,Finance - NBFC,6.32,2,2022-03,0.14,2,2023-03,42.68,1.03,0,2.38,2.83,"539384,"
Bazel International Ltd.,539946,Finance - Investment,6.25,1,2022-03,0.3,1,2023-03,0,0.14,0.14,2.05,3.86,"539946,"
Harmony Capital Services Ltd.,530055,Finance - Investment,6.19,1,2022-03,-0.01,1,2023-03,63.2,4.4,0.01,-0.6,-0.19,"530055,"
Disha Resources Ltd.,531553,Finance - Investment,6.18,1,2022-03,0.2,1,2023-03,15.77,0.18,0.11,1,0.96,"531553,"
Ushakiran Finance Ltd.,511507,Finance - NBFC,6.18,1,2022-03,0.2,1,2023-03,45.45,0.54,0,2.14,1.24,"511507,"
Manipal Finance Corporation Ltd.,507938,Finance - NBFC,6.15,1,2022-03,0.58,1,2023-03,0,-0.42,-0.31,0,0,"507938,"
Gemstone Investments Ltd.,531137,Finance - NBFC,6.13,1,2022-03,0.21,1,2023-03,26.65,0.25,0,0.88,1.51,"531137,"
Shri Niwas Leasing And Finance Ltd.,538897,Finance - Investment,6.12,1,2022-03,0.02,1,2023-03,0,1.75,0,0.6,4.36,"538897,"
Corporate Merchant Bankers Ltd.,540199,Finance - Investment,6.08,2,2022-03,-0.01,1,2023-03,0,1.81,0.02,-0.18,-0.17,"540199,"
GCM Capital Advisors Ltd.,538319,Finance - Investment,6.01,1,2022-03,0.23,1,2023-03,0,0.22,0.01,0.67,0.98,"538319,"
Aravali Securities & Finance Ltd.,512344,Finance - Investment,5.99,1,2022-03,1.65,1,2023-03,0,-35.88,32.73,0,49.27,"512344,"
Frontier Capital Ltd.,508980,Finance - NBFC,5.77,1,2022-03,0.84,1,2023-03,20.3,2.46,0.19,50.89,44.74,"508980,"
FGP Ltd.,500142,Finance - NBFC,5.59,1,2022-03,0.95,1,2023-03,0,1.8,0,27.48,31.9,"500142,"
Hasti Finance Ltd.,531387,Finance - NBFC,5.53,1,2022-03,0.08,1,2023-03,0,0.26,0,0.37,0.5,"531387,"
Jackson Investments Ltd.,538422,Finance - Investment,5.52,1,2022-03,0.21,1,2021-09,17.88,0.17,0,0.65,0.87,"538422,"
Rajkot Investment Trust Ltd.,539495,Finance - NBFC,5.51,1,2022-03,-0.02,1,2023-03,275.35,1.22,1.8,-0.42,0.37,"539495,"
GSB Finance Ltd.,511543,Finance - Investment,5.42,1,2022-03,0.25,1,2023-03,72.24,0.45,0.4,2.09,4.15,"511543,"
First Custodian Fund (India) Ltd.,511122,Finance - Investment,5.4,1,2022-03,1.01,1,2023-03,11.49,0.43,0.02,8.78,11.7,"511122,"
Thirani Projects Ltd.,538464,Finance - NBFC,5.34,1,2022-03,0.14,1,2023-03,0,0.29,0,0.74,0.77,"538464,"
Modern Shares & Stockbrokers Ltd.,509760,Finance - Stock Broking,5.31,1,2022-03,0.28,1,2023-03,34.73,0.44,0,2.39,3.27,"509760,"
Rajputana Investment & Finance Ltd.,539090,Finance - Investment,5.31,1,2023-03,0.06,1,2023-03,81.99,1.67,0,2.06,2.89,"539090,"
Ontic Finserve Ltd.,540386,Finance - Others,5.31,1,2022-03,0.12,1,2023-03,118,-0.1,0,2.65,3.61,"540386,"
ArihantS Securities Ltd.,531017,Finance - Investment,5.17,1,2022-03,1.15,1,2023-03,9.33,0.24,0,8.95,10.51,"531017,"
Asia Capital Ltd.,538777,Finance - Investment,5.12,1,2022-03,0.18,1,2021-12,28.43,1.16,0.16,4.18,5.09,"538777,"
Nexus Surgical And Medicare Ltd.,538874,Finance - Stock Broking,5.11,1,2022-03,0.29,1,2023-03,30.06,14.39,0,781.37,1048.01,"538874,"
Prime Capital Market Ltd.,535514,Finance - NBFC,5,1,2023-03,0,1,2021-09,0,0.46,0.02,0.05,0.08,"535514,"
Clio Infotech Ltd.,530839,Finance - Investment,4.84,1,2022-03,-0.55,1,2023-03,0,0.47,0.71,-5.01,-0.25,"530839,"
Voltaire Leasing & Finance Ltd.,509038,Finance - NBFC,4.83,1,2022-03,0.22,1,2023-03,25.16,0.25,0,1.13,1.49,"509038,"
Sungold Capital Ltd.,531433,Finance - NBFC,4.78,1,2022-03,0.04,1,2023-03,170.89,0.22,0,0.16,0.22,"531433,"
VB Industries Ltd.,539123,Finance - Investment,4.77,1,2023-03,0.11,1,2023-03,41.85,0.05,0,0.12,0.16,"539123,"
Winy Commercial & Fiscal Services Ltd.,538873,Finance - NBFC,4.75,1,2019-03,-1.51,1,2019-06,0,0.69,0,-19.74,-19.73,"538873,"
Atharv Enterprises Ltd.,530187,Finance - Others,4.74,1,2022-03,0.04,1,2023-06,37.64,0.24,0.02,0.19,0.56,"530187,"
ST Services Ltd.,538876,Finance - NBFC,4.72,1,2019-03,-1.06,1,2019-06,0,1.14,0,-22.79,-22.67,"538876,"
ACE Engitech Ltd.,530669,Finance - NBFC,4.71,1,2022-03,0.25,1,2023-03,0,7.21,0,34.61,34.71,"530669,"
Pankaj Piyush Trade And Investment Ltd.,506122,Finance - Investment,4.7,1,2022-03,-0.05,1,2023-03,0,0.19,0.08,-0.18,-0.09,"506122,"
Vikalp Securities Ltd.,531334,Finance - Investment,4.69,1,2022-03,-0.02,1,2023-03,0,1.09,0.01,-0.46,-0.4,"531334,"
VB Desai Financial Services Ltd.,511110,Finance - Investment,4.63,1,2022-03,0.36,1,2023-06,13.04,0.42,0,3.41,4.63,"511110,"
KZ Leasing & Finance Ltd.,511728,Finance - NBFC,4.6,1,2022-03,0.22,1,2023-03,16.01,0.27,0.23,1.3,3.49,"511728,"
Decillion Finance Ltd.,539190,Finance - Investment,4.6,1,2022-03,-0.18,1,2023-03,0,0.37,0.06,-1.55,-0.81,"539190,"
HB Leasing & Finance Company Ltd.,508956,Finance - NBFC,4.59,1,2022-03,0.2,1,2023-03,21.76,1.8,0.03,9.11,8.56,"508956,"
Citi Port Financial Services Ltd.,531235,Finance - NBFC,4.56,1,2022-03,0.02,1,2023-03,207.42,1.48,0,0.75,7.8,"531235,"
Mathew Easow Research Securities Ltd.,511688,Finance - NBFC,4.46,1,2022-03,0.11,1,2023-03,99.16,0.32,2.45,0.75,3.8,"511688,"
Shricon Industries Ltd.,508961,Finance - Investment,4.41,1,2023-03,1.21,1,2023-03,3.64,1.27,0.29,42.39,28.71,"508961,"
Ramchandra Leasing & Finance Ltd.,538540,Finance - NBFC,4.35,1,2022-03,0.02,1,2023-03,310.63,0.8,0.03,0.31,0.3,"538540,"
SW Investments Ltd.,503659,Finance - Investment,4.32,1,2022-03,0.29,1,2023-03,160,0.65,0,4.54,5.74,"503659,"
Amerise Biosciences Ltd.,531681,Finance - Investment,4.29,1,2022-03,0.55,1,2023-03,0,0.78,0.01,10.24,10.17,"531681,"
Polytex India Ltd.,512481,Finance - NBFC,4.25,1,2022-03,-0.75,1,2023-03,0,1.55,0.05,-8.08,0.41,"512481,"
Superior Finlease Ltd.,539835,Finance - Investment,4.2,1,2022-03,0.19,1,2023-03,12.62,1.38,12.97,5.66,0.5,"539835,"
GK Consultants Ltd.,531758,Finance - NBFC,4.12,1,2022-03,0.45,1,2023-03,0,0.6,0.13,6.74,8.56,"531758,"
JJ Finance Corporation Ltd.,523062,Finance - NBFC,3.89,1,2022-03,0.2,1,2023-03,48.08,0.44,0,2.06,2.63,"523062,"
Alps Motor Finance Ltd.,538423,Finance - NBFC,3.86,1,2021-03,-0.21,1,2022-03,0,-1.34,8.93,-5.92,-0.05,"538423,"
TCI Finance Ltd.,TCIFINANCE,Finance - NBFC,3.86,1,2022-03,-32.97,1,2023-03,0,-0.08,-0.49,0,0,"TCIFINANCE,"
Confidence Finance And Trading Ltd.,504340,Finance - Others,3.84,1,2022-03,0.02,1,2023-03,52.65,0.18,0,0.08,0.26,"504340,"
Scintilla Commercial & Credit Ltd.,538857,Finance - Investment,3.84,2,2022-03,0.08,2,2023-03,480.08,0.32,0.07,0.75,1.23,"538857,"
BP Capital Ltd.,536965,Finance - NBFC,3.8,1,2022-03,-0.21,1,2023-03,0,0.79,0,-5.88,-5.86,"536965,"
Futuristic Securities Ltd.,523113,Finance - Investment,3.78,1,2022-03,-0.01,1,2023-03,0,2.63,0,-0.92,-1.71,"523113,"
Richfield Financial Services Ltd.,539435,Finance - NBFC,3.77,1,2022-03,0.14,1,2022-12,0,0.48,0,1.73,2,"539435,"
Lead Financial Services Ltd.,531288,Finance - NBFC,3.7,1,2022-03,0.1,1,2023-03,25.87,0.65,0.01,1.89,2.09,"531288,"
Sashwat Technocrats Ltd.,506313,Finance - Investment,3.64,1,2022-03,0.35,1,2023-03,0,2.86,0.03,25.09,23.39,"506313,"
Cindrella Financial Services Ltd.,531283,Finance - NBFC,3.53,2,2022-03,0.12,2,2023-03,2.25,0.51,0,2.74,3.33,"531283,"
Hi-Klass Trading And Investment Ltd.,542332,Finance - Investment,3.49,1,2022-03,0,1,2022-03,,1.13,0,0.02,0.02,"542332,"
Williamson Financial Services Ltd.,519214,Finance - NBFC,3.47,1,2022-03,-20.45,1,2023-03,0,-0.01,-1.52,0,-10.72,"519214,"
Milgrey Finance & Investments Ltd.,511018,Finance - Investment,3.42,1,2022-03,0.01,1,2023-03,0,4.42,0.13,0.97,0.69,"511018,"
Jagsonpal Finance & Leasing Ltd.,530601,Finance - NBFC,3.41,1,2022-03,-0.05,1,2023-03,0,5.62,0,-7.07,-7.05,"530601,"
KD Leisures Ltd.,540385,Finance - Investment,3.39,1,2022-03,0.12,1,2022-06,19.02,0.91,0,3.34,4.6,"540385,"
Kinetic Trust Ltd.,531274,Finance - NBFC,3.36,1,2022-03,0.04,1,2023-03,0,0.9,0.01,1.08,1.08,"531274,"
Galada Finance Ltd.,538881,Finance - NBFC,3.35,1,2023-03,0.02,1,2023-03,139.52,0.65,0.32,0.47,4.94,"538881,"
Dhenu Buildcon Infra Ltd.,501945,Finance - Stock Broking,3.33,1,2022-03,-0.03,1,2023-03,0,1.1,0,-0.88,-1.19,"501945,"
Pro CLB Global Ltd.,540703,Finance - Investment,3.32,1,2022-03,-0.34,1,2023-03,0,0.31,0.54,-2.87,1.99,"540703,"
Blueblood Ventures Ltd.,539637,Finance - Stock Broking,3.32,1,2022-03,0.02,1,2022-03,158.2,-0.67,-18.84,0,0.02,"539637,"
Sanchay Finvest Ltd.,511563,Finance - Investment,3.25,1,2022-03,0,1,2023-03,14.09,0.98,0,0.08,0.15,"511563,"
Wagend Infra Venture Ltd.,503675,Finance - Investment,3.16,1,2022-03,0.12,1,2023-03,90.21,0.34,0,1.29,1.51,"503675,"
Vintage Securities Ltd.,531051,Finance - NBFC,3.14,1,2023-03,0.03,1,2023-03,104.5,0.37,0,0.38,0.43,"531051,"
Shri Kalyan Holdings Ltd.,532083,Finance - NBFC,3.12,1,2022-03,0.34,1,2021-09,76.15,0.37,0.93,3.96,7.76,"532083,"
Dharani Finance Ltd.,511451,Finance - Investment,3.1,1,2022-03,0.3,1,2023-03,0,0.38,0,3.77,3.87,"511451,"
Explicit Finance Ltd.,530571,Finance - NBFC,3.08,1,2022-03,-0.27,1,2023-03,384.61,0.39,0,-3.42,-3.42,"530571,"
Shivom Investment & Consultancy Ltd.,539833,Finance - NBFC,2.94,1,2022-03,-1.3,1,2022-12,0,0.05,0,-2.24,0.3,"539833,"
Shyamkamal Investments Ltd.,505515,Finance - NBFC,2.91,1,2023-03,-0.27,1,2023-03,0,1.49,0.03,-12.76,-12.46,"505515,"
GCM Commodity & Derivatives Ltd.,535917,Finance - Investment,2.84,1,2022-03,-0.09,1,2023-03,4.05,0.19,0,-0.63,-0.61,"535917,"
Maruti Securities Ltd.,531319,Finance - Investment,2.81,1,2022-03,-0.17,1,2023-03,0,-0.08,-1.04,0,-13.85,"531319,"
Vax Housing Finance Corporation Ltd.,531650,Finance - Housing,2.78,1,2022-03,0,1,2022-09,0,0.07,0,0,0,"531650,"
Ekam Leasing & Finance Company Ltd.,530581,Finance - NBFC,2.7,2,2022-03,0.25,2,2023-03,0,0.33,0.15,3.06,5.08,"530581,"
N2N Technologies Ltd.,512279,Finance - Investment,2.68,1,2022-03,-4.65,1,2023-03,167.66,0.56,0.03,-65.83,-58.08,"512279,"
Systematix Securities Ltd.,531432,Finance - Investment,2.66,1,2022-03,-0.02,1,2023-03,0,0.3,0.02,-0.24,-0.1,"531432,"
GDL Leasing & Finance Ltd.,530855,Finance - NBFC,2.51,1,2022-03,0.01,1,2023-03,278.6,0.79,0,0.19,1.37,"530855,"
Aryan Share And Stock Brokers Ltd.,542176,Finance - Stock Broking,2.51,1,2022-03,0.41,1,2022-12,2.06,0.17,0,2.93,3.97,"542176,"
Brijlaxmi Leasing & Finance Ltd.,532113,Finance - Investment,2.43,1,2022-03,0.07,1,2023-03,0,0.82,3.48,2.57,3.95,"532113,"
Crescent Leasing Ltd.,539131,Finance - NBFC,2.38,1,2021-03,0.01,1,2022-03,0,0.52,1.03,0.16,0.66,"539131,"
Concrete Infra & Media Ltd.,539266,Finance - Investment,2.38,1,2022-03,0.49,1,2022-09,4.82,0.28,0,6.01,8.12,"539266,"
Nikki Global Finance Ltd.,531272,Finance - Investment,2.36,1,2022-03,-0.11,1,2023-03,112.36,1.59,0.35,-7.41,-5.48,"531272,"
SSPN Finance Ltd.,539026,Finance - Investment,2.36,1,2022-03,0.05,1,2023-03,0,0.54,0.23,1.18,1.98,"539026,"
Classic Leasing & Finance Ltd.,540481,Finance - NBFC,2.28,1,2022-03,-7.8,1,2023-03,58.54,-0.47,-1.37,0,-136.81,"540481,"
Bridge Securities Ltd.,530249,Finance - Investment,2.26,1,2023-03,-0.68,1,2023-03,0,5.24,0,-88.87,-97.08,"530249,"
Wellness Noni Ltd.,531211,Finance - Investment,2.24,1,2022-03,-2.62,1,2022-12,0,2.68,0,-117.65,-117.69,"531211,"
Brilliant Portfolios Ltd.,539434,Finance - Others,2.17,1,2022-03,0.32,1,2022-12,5.05,0.26,1.97,4.19,8.6,"539434,"
KLG Capital Services Ltd.,530771,Finance - Investment,2.15,2,2022-03,0,2,2023-03,0,0.29,0.21,0.03,0.12,"530771,"
Mudra Financial Services Ltd.,539819,Finance - Investment,2.05,1,2022-03,0.31,1,2023-03,20.14,0.21,0,3.14,4.46,"539819,"
RR Securities Ltd.,530917,Finance - Investment,1.92,1,2022-03,0.02,1,2023-03,0,0.43,0.02,0.51,0.51,"530917,"
Jayabharat Credit Ltd.,501311,Finance - NBFC,1.9,1,2022-03,-0.87,1,2023-03,0,-0.03,-1.01,0,-141.42,"501311,"
Mid East Portfolio Management Ltd.,526251,Finance - Investment,1.87,1,2022-03,0.03,1,2023-06,18.85,0.59,0,0.91,0.91,"526251,"
Mahan Industries Ltd.,531515,Finance - NBFC,1.87,1,2022-03,-0.16,1,2023-03,0,0.6,1.09,-5.07,-2.56,"531515,"
JPT Securities Ltd.,530985,Finance - Investment,1.84,2,2022-03,-0.03,2,2023-03,0,0.43,0.44,-0.63,-0.4,"530985,"
Regal Entertainment & Consultants Ltd.,531033,Finance - Investment,1.8,1,2022-03,-0.01,1,2022-12,128.37,1.01,0.08,-0.45,-0.6,"531033,"
Regency Trust Ltd.,511585,Finance - NBFC,1.8,1,2022-03,-0.03,1,2023-03,0,-8.68,1.04,-9.6,-6.41,"511585,"
Achal Investments Ltd.,538570,Finance - Investment,1.77,1,2019-03,0.02,1,2019-09,117.78,0.17,0,0.15,0.23,"538570,"
Classic Global Finance & Capital Ltd.,538433,Finance - Investment,1.76,1,2022-03,0.02,1,2022-12,80.13,0.3,0.77,0.41,0.87,"538433,"
GSL Securities Ltd.,530469,Finance - NBFC,1.71,1,2022-03,-0.12,1,2023-03,0,0.32,0,-2.01,-1.98,"530469,"
AAR Shyam India Investment Co Ltd.,542377,Finance - Investment,1.7,1,2022-03,0.05,1,2023-03,5.64,0.41,0.08,1.27,1.22,"542377,"
Kanungo Financiers Ltd.,540515,Finance - Investment,1.66,1,2022-03,-3.46,1,2023-03,6.33,0.29,1.4,-66.75,-18.71,"540515,"
Supra Trends Ltd.,511539,Finance - NBFC,1.53,1,2022-03,-0.08,1,2023-03,0,-3.05,-9.72,0,-2.11,"511539,"
Darjeeling Ropeway Co Ltd.,539770,Finance - Investment,1.4,1,2022-03,0.04,1,2023-03,0,0.29,0.32,0.72,2.68,"539770,"
Ganesh Holdings Ltd.,504397,Finance - NBFC,1.39,1,2022-03,-0.13,1,2023-03,43.4,0.69,0,-6.13,-6.13,"504397,"
Oswal Leasing Ltd.,509099,Finance - NBFC,1.35,1,2022-03,-0.01,1,2023-03,0,0.49,0,-0.42,-0.42,"509099,"
Charms Industries Ltd.,531327,Finance - Others,1.3,1,2022-03,-0.07,1,2023-03,0,4.37,0.11,-14.75,-13.96,"531327,"
Aneri Fincap Ltd.,531252,Finance - Investment,1.29,1,2022-03,-5.11,1,2023-03,0,-0.13,-155.65,-219.99,-2.87,"531252,"
Indoworth Holdings Ltd.,512408,Finance - Stock Broking,1.25,2,2022-03,0.02,1,2021-03,0,0.68,0,0.87,1.38,"512408,"
Indo Credit Capital Ltd.,526887,Finance - NBFC,1.24,1,2022-03,-0.07,1,2023-03,0,0.21,0,-1.15,-1.15,"526887,"
Five X Tradecom Ltd.,536751,Finance - Stock Broking,1.05,1,2021-03,0,1,2022-06,0,0.05,0,0.01,0.01,"536751,"
Kuber Udyog Ltd.,539408,Finance - NBFC,0.99,1,2022-03,-0.2,1,2023-03,17.41,0.27,0.79,-5.53,0.44,"539408,"
Stellant Securities (India) Ltd.,526071,Finance - NBFC,0.92,2,2022-03,-0.03,2,2023-03,0,11.36,0,-12.58,-7.15,"526071,"
Geetanjali Credit and Capital Ltd.,539486,Finance - NBFC,0.8,1,2022-03,0.01,1,2023-03,0,0.26,0,0.2,0.27,"539486,"
Rajvi Logitrade Ltd.,511185,Finance - NBFC,0.63,1,2022-03,0.26,1,2022-12,2.21,-6.4,-2.92,0,96.2,"511185,"
Autoriders Finance Ltd.,500030,Finance - Investment,0.58,1,2021-03,-0.07,1,2021-03,0,,-0.38,0,0,"500030,"
M Lakhamsi Industries Ltd.,512153,Finance - NBFC,0.55,1,2022-03,0.44,1,2023-03,0.75,0.08,1.97,14.09,10.8,"512153,"
Yash Trading & Finance Ltd.,512345,Finance - Investment,0.45,1,2022-03,-0.08,1,2023-03,0,-0.63,-1.03,0,-765.52,"512345,"
Silicon Valley Infotech Ltd.,531738,Finance - Investment,0.39,1,2022-03,-0.29,1,2023-03,0,-1.49,3.78,-34.11,-8.24,"531738,"
Magnanimous Trade & Finance Ltd.,512377,Finance - Investment,0.37,2,2022-03,0.14,2,2023-03,0.87,0.04,0,1.52,2.07,"512377,"
Mercury Trade Links Ltd.,512415,Finance - Investment,0.08,1,2021-03,0.07,1,2021-09,0,0.15,0,14.95,14.95,"512415,"
Elcid Investments Ltd.,503681,Finance - Investment,0.06,2,2022-03,100.04,2,2023-03,0,0,0,0.89,1.17,"503681,"
White Hall Commercial Company Ltd.,512431,Finance - Investment,0,1,2021-03,-0.12,1,2022-12,0,0,-1.75,0,-17.73,"512431,"
JA Finance Ltd.,543860,Finance - Investment,0,1,2022-03,1.7,1,2023-03,,,0.25,9.37,10.48,"543860,"
IRB InvIT Fund,IRBINVIT,Finance - Investment,0,2,2023-03,369.58,1,2023-03,,,0.76,9.07,8.66,"IRBINVIT,"
India Grid Trust,INDIGRID,Finance - Investment,0,2,2023-03,465.78,1,2023-03,,,2.92,8.98,7.75,"INDIGRID,"
Embassy Office Parks REIT,542602,Finance - Investment,0,2,2022-03,792.17,1,2022-03,,,0.47,2.99,4.3,"542602,"
India Infrastructure Trust - (INFRATRUST),542543,Finance - Investment,0,1,-0,,1,-0,,,,,,"542543,"
Mindspace Business Parks REIT,543217,Finance - Investment,0,2,2023-03,308.5,1,2023-03,,,0.37,2.03,5.37,"543217,"
Brookfield India Real Estate Trust REIT,543261,Finance - Investment,0,2,2023-03,131.23,1,2023-03,,,0.65,1.52,4.12,"543261,"
POWERGRID Infrastructure Investment Trust.,PGINVIT,Finance - Investment,0,2,2023-03,-446.41,1,2023-03,,,0.07,-5.35,-6.7,"PGINVIT,"
Shrem InvIT,SHREMINVIT,Finance - Investment,0,2,2022-03,298.64,1,2022-03,,,0.73,6.76,5.59,"SHREMINVIT,"
Virescent Renewable Energy Trust,VIRESCENT,Finance - Investment,0,2,2022-03,-23.33,1,2022-03,,,1.32,-3.71,5.83,"VIRESCENT,"
National Highways Infra Trust,NHIT,Finance Term Lending,0,2,2023-03,256.9,1,2023-03,,,0.4,3.82,4.3,"NHIT,"
Highways Infrastructure Trust,HIGHWAYS,Finance Term Lending,0,1,-0,,1,-0,,,,,,"HIGHWAYS,"
Nexus Select Trust,543913,Finance - Investment,0,1,-0,,1,-0,,,,,,"543913,"
