Sector: Healthcare,
Date: 29-Jul-2023,
Note:- Statement: 1 = Standalone and 2 = Consolidated,
Generated by and for: anjanr@wealthwisers.in,

Stock Name,Symbol,Industry,Market Cap(Rs. Cr.),Statement,Period Ending,Total Debt(Rs. Cr.),Enterprise Value(Rs. Cr.),Year Ending,Net Sales (Rs. Cr.),Profit After Tax(Rs. Cr.),TTM Statement,TTM Ending,Price Earning Ratio(TTM),"PEG Ratio ",Price To Book Value(TTM),Debt Equity Ratio,Return On Equity(%),Return On Capital Employed(%),Symbol with Comma for External Upload
Sun Pharmaceutical Industries Ltd.,SUNPHARMA,Pharmaceuticals & Drugs,272984.34,2,2023-03,6197.88,273411.93,2022-03,38654.49,3405.82,2,2023-03,32.22,13.45,4.88,0.03,7.21,9.25,"SUNPHARMA,"
Divi's Laboratories Ltd.,DIVISLAB,Pharmaceuticals & Drugs,99193.66,2,2023-03,,94980.57,2022-03,8959.83,2960.45,2,2023-03,54.4,2.39,7.77,0,28.16,35.06,"DIVISLAB,"
Cipla Ltd.,CIPLA,Pharmaceuticals & Drugs,95051.19,2,2023-03,520.36,94006.93,2023-03,22753.12,2835.49,2,2023-06,30.55,2.05,3.9,0.02,12.85,18.19,"CIPLA,"
Dr. Reddy's Laboratories Ltd.,DRREDDY,Pharmaceuticals & Drugs,93064.24,2,2023-03,1347.2,92681.24,2023-03,24669.7,4507.3,2,2023-06,19.7,0.54,3.79,0.06,21.36,26.22,"DRREDDY,"
Apollo Hospitals Enterprise Ltd.,APOLLOHOSP,Hospital & Healthcare Services,76836.36,2,2023-03,2710.31,78770.84,2022-03,14662.6,1101.1,2,2023-03,93.86,3.34,12.42,0.47,21.6,24.92,"APOLLOHOSP,"
Mankind Pharma Ltd.,MANKIND,Pharmaceuticals & Drugs,72684.77,2,2023-03,162.64,72394.21,2022-03,7781.56,1452.96,2,2023-03,56.7,3.17,6.18,0.14,26.72,33.96,"MANKIND,"
Torrent Pharmaceuticals Ltd.,TORNTPHARM,Pharmaceuticals & Drugs,67357.41,2,2023-03,5297.3,72083.25,2023-03,9620.15,1245.23,2,2023-03,54.01,4.18,10.85,0.85,20.5,20.32,"TORNTPHARM,"
Zydus Lifesciences Ltd.,ZYDUSLIFE,Pharmaceuticals & Drugs,64796.25,2,2023-03,1163.2,65386.35,2023-03,17237.4,2001.9,2,2023-03,33.22,4.36,3.72,0.07,11.6,13.64,"ZYDUSLIFE,"
Max Healthcare Institute Ltd.,MAXHEALTH,Hospital & Healthcare Services,58892.17,2,2023-03,564.82,57988.92,2022-03,3931.46,605.05,2,2023-03,53.43,0.49,7.96,0.12,10.19,12.38,"MAXHEALTH,"
Abbott India Ltd.,ABBOTINDIA,Pharmaceuticals & Drugs,51122,1,2023-03,0,49184.94,2023-03,5348.73,949.41,1,2023-03,53.85,2.86,16.25,0,32.07,42.93,"ABBOTINDIA,"
Aurobindo Pharma Ltd.,AUROPHARMA,Pharmaceuticals & Drugs,49045.99,2,2023-03,4861.52,47823.31,2022-03,23455.49,2647.11,2,2023-03,25.42,6.65,1.83,0.1,11.38,12.71,"AUROPHARMA,"
Alkem Laboratories Ltd.,ALKEM,Pharmaceuticals & Drugs,47787.14,2,2023-03,1307.15,46477.4,2023-03,11599.26,1006.81,2,2023-03,48.59,4.23,5.29,0.14,11.39,13.09,"ALKEM,"
Lupin Ltd.,LUPIN,Pharmaceuticals & Drugs,44321.81,2,2023-03,4244.05,47272.73,2023-03,16641.66,447.69,2,2023-03,103.22,,3.6,0.34,3.68,6.06,"LUPIN,"
Syngene International Ltd.,SYNGENE,Pharmaceuticals & Drugs,33156.19,2,2023-03,575.3,33199.79,2023-03,3192.9,464.4,2,2023-06,68.54,7.84,9.09,0.16,13.73,15.43,"SYNGENE,"
Biocon Ltd.,BIOCON,Pharmaceuticals & Drugs,30819.4,2,2023-03,17770.7,46190,2023-03,11174.2,643,2,2023-03,66.62,4.4,1.75,1.01,4.98,5.37,"BIOCON,"
Fortis Healthcare Ltd.,FORTIS,Hospital & Healthcare Services,25279.77,2,2023-03,703.15,25620.2,2023-03,6297.63,632.98,2,2023-03,42.96,0.99,3.49,0.1,9.44,12.5,"FORTIS,"
Glaxosmithkline Pharmaceuticals Ltd.,GLAXO,Pharmaceuticals & Drugs,23636.38,2,2023-03,0,22480.45,2023-03,3251.72,607.64,2,2023-06,37.89,2.93,12.6,0,27.58,38.06,"GLAXO,"
Glenmark Pharmaceuticals Ltd.,GLENMARK,Pharmaceuticals & Drugs,22531.13,2,2023-03,4347.72,25409.15,2022-03,12304.9,993.65,2,2023-03,75.8,353.32,2.38,0.4,12.33,14.19,"GLENMARK,"
Ipca Laboratories Ltd.,IPCALAB,Pharmaceuticals & Drugs,21727.23,2,2023-03,1457.53,21331.52,2023-03,6204.26,491.93,2,2023-03,46.1,3.18,3.72,0.25,8.7,11.71,"IPCALAB,"
Narayana Hrudayalaya Ltd.,NH,Hospital & Healthcare Services,21456.86,2,2023-03,762.24,21839.21,2023-03,4524.77,606.57,2,2023-03,35.24,0.55,10.03,0.36,33.55,33.92,"NH,"
Gland Pharma Ltd.,GLAND,Pharmaceuticals & Drugs,21312.29,2,2023-03,3.82,17545.43,2022-03,4400.71,1211.66,2,2023-03,27.29,,2.68,0,18.61,24.85,"GLAND,"
Ajanta Pharma Ltd.,AJANTPHARM,Pharmaceuticals & Drugs,20308.31,2,2023-03,1.43,19978.84,2023-03,3742.64,587.98,2,2023-06,32.68,7.04,6.19,0,17.68,22.57,"AJANTPHARM,"
Dr. Lal Pathlabs Ltd.,LALPATHLAB,Hospital & Healthcare Services,19620.01,2,2023-03,236.6,19191.21,2022-03,2087.41,350.29,2,2023-06,74.37,4.27,11.21,0.24,26.39,32.6,"LALPATHLAB,"
Global Health Ltd.,MEDANTA,Hospital & Healthcare Services,18896.53,2,2023-03,842.22,18460.65,2022-03,2166.59,196.2,2,2023-03,58.02,1.87,7.79,0.52,13.4,16.38,"MEDANTA,"
JB Chemicals & Pharmaceuticals Ltd.,JBCHEPHARM,Pharmaceuticals & Drugs,18686.11,2,2023-03,548.24,19155.54,2022-03,2424.24,386.04,2,2023-03,45.59,2.86,7.53,0.01,19.89,25.48,"JBCHEPHARM,"
Laurus Labs Ltd.,LAURUSLABS,Pharmaceuticals & Drugs,18214.48,2,2023-03,1971.97,20137.99,2023-03,6040.55,796.64,2,2023-06,32.31,0.89,4.49,0.49,21.63,22.97,"LAURUSLABS,"
Pfizer Ltd.,PFIZER,Pharmaceuticals & Drugs,18187.01,1,2023-03,2.5,16329.99,2022-03,2610.99,612.56,1,2023-03,29.15,1.2,5.67,0,23.3,29.78,"PFIZER,"
Sanofi India Ltd.,SANOFI,Pharmaceuticals & Drugs,15973.92,1,2022-12,0,14957.02,2022-12,2770.1,620.6,1,2023-03,27.9,3.31,11.38,0,36.73,49.47,"SANOFI,"
Krishna Institute of Medical Sciences Ltd,KIMS,Hospital & Healthcare Services,15429.36,2,2023-03,533.22,15896.2,2022-03,1650.82,343.8,2,2023-03,45.82,0.99,9.23,0.12,30.55,35.69,"KIMS,"
Alembic Pharmaceuticals Ltd.,APLLTD,Pharmaceuticals & Drugs,15351.58,2,2023-03,635.87,15905.18,2023-03,5652.62,341.99,2,2023-03,44.56,,3.49,0.15,7.12,7.44,"APLLTD,"
Aster DM Healthcare Ltd.,ASTERDM,Hospital & Healthcare Services,14875.5,2,2023-03,2287.48,16734.42,2022-03,10253.28,600.51,2,2023-03,35.01,1.18,3.34,0.55,16.39,15.95,"ASTERDM,"
Natco Pharma Ltd.,NATCOPHARM,Pharmaceuticals & Drugs,14802.54,2,2023-03,165,14421.24,2022-03,1944.8,170,2,2023-03,20.69,,3.17,0.09,4.06,4.86,"NATCOPHARM,"
Piramal Pharma Ltd.,PPLPHARMA,Pharmaceuticals & Drugs,12605.02,2,2023-03,5504.77,17802.23,2023-03,7081.55,-186.46,2,2023-03,0,,1.86,0.81,-2.77,1.95,"PPLPHARMA,"
Suven Pharmaceuticals Ltd.,SUVENPHAR,Pharmaceuticals & Drugs,12584.42,2,2023-03,69.16,12585.57,2022-03,1320.22,412.69,2,2023-03,30.64,,7.26,0.06,30.48,43.13,"SUVENPHAR,"
Poly Medicure Ltd.,POLYMED,Medical Equipment/Supplies/Accessories,11810.14,2,2023-03,146.43,11773.51,2022-03,923.06,146.51,2,2023-03,65.87,3.05,9.51,0.12,14.29,17.42,"POLYMED,"
Medplus Health Services Ltd.,MEDPLUS,Pharmaceuticals & Drugs,11376.99,2,2023-03,0,11093.15,2022-03,3779.28,94.72,2,2023-03,228.62,8.42,7.63,0.1,9.07,16.56,"MEDPLUS,"
Rainbow Children's Medicare Ltd.,RAINBOW,Hospital & Healthcare Services,11076.88,2,2023-03,0,11031.37,2023-03,1173.57,212.38,2,2023-03,52.06,1.23,10.36,0,25.72,39.96,"RAINBOW,"
Eris Lifesciences Ltd.,ERIS,Pharmaceuticals & Drugs,10554.75,2,2023-03,830.02,11326.3,2022-03,1347.04,405.79,2,2023-03,27.6,2.64,4.8,0.02,23.33,25.29,"ERIS,"
Astrazeneca Pharma India Ltd.,ASTRAZEN,Pharmaceuticals & Drugs,9660.5,1,2023-03,0,9160.02,2023-03,1002.97,99.29,1,2023-03,97.3,2.43,16.48,0,18.13,24.49,"ASTRAZEN,"
Procter & Gamble Health Ltd.,PGHL,Pharmaceuticals & Drugs,8806.47,1,2022-12,,8395.18,2022-06,1114.41,192.52,1,2023-03,36.57,1.88,11.1,0,29.41,38.45,"PGHL,"
Glenmark Life Sciences Ltd.,GLS,Pharmaceuticals & Drugs,8127.84,1,2023-03,,7818.44,2022-03,2123.21,418.72,1,2023-06,16.46,,3.57,0,29.87,42.24,"GLS,"
Granules India Ltd.,GRANULES,Pharmaceuticals & Drugs,7779.25,2,2023-03,1058.62,8525.09,2023-03,4511.92,516.6,2,2023-03,15.06,0.48,2.76,0.38,19.18,19.63,"GRANULES,"
Sun Pharma Advanced Research Company Ltd.,SPARC,Pharmaceuticals & Drugs,7756.07,1,2023-03,0.05,7644.54,2023-03,238.78,-222.58,1,2023-03,0,0,15.13,0,-143.72,-69.44,"SPARC,"
Metropolis Healthcare Ltd.,METROPOLIS,Hospital & Healthcare Services,7124.29,2,2023-03,79.05,7110.15,2023-03,1148.21,143.39,2,2023-03,49.68,7.63,7.24,0.08,15.46,19.83,"METROPOLIS,"
Caplin Point Laboratories Ltd.,CAPLIPOINT,Pharmaceuticals & Drugs,6642.3,2,2023-03,3.41,6152.23,2022-03,1269.41,308.45,2,2023-03,17.65,0.69,3.53,0,24.71,28.77,"CAPLIPOINT,"
Jubilant Pharmova Ltd.,JUBLPHARMA,Pharmaceuticals & Drugs,6038.35,2,2023-03,3410.08,8434.13,2022-03,6130.16,413.02,2,2023-06,0,,1.11,0.55,8.21,9.97,"JUBLPHARMA,"
FDC Ltd.,FDC,Pharmaceuticals & Drugs,5718.09,2,2023-03,0.64,5693.79,2022-03,1527.92,216.16,2,2023-03,29.47,13.61,2.88,0,11.71,15.78,"FDC,"
Aarti Drugs Ltd.,AARTIDRUGS,Pharmaceuticals & Drugs,5408.77,2,2023-03,606.52,6015.29,2022-03,2488.65,205,2,2023-06,30.15,1.49,4.36,0.52,21.03,20.75,"AARTIDRUGS,"
Marksans Pharma Ltd.,MARKSANS,Pharmaceuticals & Drugs,5253.98,2,2023-03,41.59,4580.61,2022-03,1490.84,186.81,2,2023-03,19.73,0.24,3.01,0.04,18.72,23.82,"MARKSANS,"
Vijaya Diagnostic Centre Ltd.,VIJAYA,Hospital & Healthcare Services,4640.21,2,2023-03,0,4523.79,2022-03,462.37,110.67,2,2023-03,54.83,,8.51,0,26.85,39.37,"VIJAYA,"
Healthcare Global Enterprises Ltd.,HCG,Hospital & Healthcare Services,4528.18,2,2023-03,399.33,4730.87,2022-03,1394.78,38.92,2,2023-03,154.14,,5.26,0.47,5.16,15.17,"HCG,"
Neuland Laboratories Ltd.,NEULANDLAB,Pharmaceuticals & Drugs,4374.48,2,2023-03,121.51,4436.88,2023-03,1191.2,163.52,2,2023-03,26.83,0.39,4.42,0.12,17.84,20.94,"NEULANDLAB,"
Strides Pharma Science Ltd.,STAR,Pharmaceuticals & Drugs,4157.12,2,2023-03,2774.46,6615.61,2022-03,3070.25,-474.25,2,2023-03,0,,1.88,1.18,-18.49,-9.49,"STAR,"
AMI Organics Ltd.,AMIORG,Pharmaceuticals & Drugs,4111.92,2,2023-03,3.6,4056.85,2022-03,520.14,71.95,2,2023-03,49.22,1.15,6.9,0,21.28,24.05,"AMIORG,"
Advanced Enzyme Technologies Ltd.,ADVENZYMES,Pharmaceuticals & Drugs,3657.77,2,2023-03,13.24,3547.66,2023-03,540.64,103.87,2,2023-03,34.63,8.65,2.96,0.01,8.94,12.26,"ADVENZYMES,"
Hikal Ltd.,HIKAL,Pharmaceuticals & Drugs,3502.36,2,2023-03,747.96,4190.77,2022-03,1942.72,160.5,2,2023-03,44.68,2.57,3.09,0.63,16.04,15.21,"HIKAL,"
Wockhardt Ltd.,WOCKPHARMA,Pharmaceuticals & Drugs,3475.56,2,2023-03,1887,5238.56,2023-03,2651,-621,2,2023-03,0,,1.04,0.57,-17.32,-5.88,"WOCKPHARMA,"
Aarti Pharmalabs Ltd.,AARTIPHARM,Pharmaceuticals & Drugs,3159.68,2,2023-03,213.96,3348.64,2022-03,1199.94,122.25,2,2023-03,16.33,,2.03,0.25,18.23,19.4,"AARTIPHARM,"
Shilpa Medicare Ltd.,SHILPAMED,Pharmaceuticals & Drugs,3108.81,2,2023-03,795.72,3882.97,2022-03,1145.52,60.58,2,2023-03,0,,1.74,0.37,3.67,5.94,"SHILPAMED,"
Thyrocare Technologies Ltd.,THYROCARE,Hospital & Healthcare Services,3064.12,2,2023-03,0,3035.65,2023-03,526.67,64.36,2,2023-03,46.5,,5.78,0,12.23,17.61,"THYROCARE,"
Kovai Medical Center & Hospital Ltd.,KOVAI,Hospital & Healthcare Services,3005.46,1,2023-03,475.2,3232.07,2023-03,1019.75,115.77,1,2023-03,25.96,1.75,4.18,0.66,17.43,17.14,"KOVAI,"
Indoco Remedies Ltd.,INDOCO,Pharmaceuticals & Drugs,2938.21,2,2023-03,314.5,3239.37,2022-03,1540.75,154.8,2,2023-06,22.94,1.53,2.79,0.27,18.5,23.33,"INDOCO,"
Orchid Pharma Ltd.,ORCHPHARMA,Pharmaceuticals & Drugs,2906.97,2,2023-03,331.35,3207.69,2023-03,665.9,55.25,2,2023-03,62.14,4.12,2.64,0.48,8.27,9.11,"ORCHPHARMA,"
Unichem Laboratories Ltd.,UNICHEMLAB,Pharmaceuticals & Drugs,2704.28,2,2023-03,297.39,2816.31,2022-03,1269.83,34.12,2,2023-06,0,,1.12,0.13,1.32,1.04,"UNICHEMLAB,"
Gufic Biosciences Ltd.,GUFICBIO,Pharmaceuticals & Drugs,2506.5,1,2023-03,311.41,2771.22,2022-03,779.16,95.84,1,2023-03,31.45,0.52,7.21,0.23,43.31,47.1,"GUFICBIO,"
Dishman Carbogen Amcis Ltd.,DCAL,Pharmaceuticals & Drugs,2437.98,2,2023-03,1824.51,4073.32,2022-03,2140.69,18.01,2,2023-03,0,,0.42,0.26,0.32,0.76,"DCAL,"
IOL Chemicals And Pharmaceuticals Ltd.,IOLCP,Pharmaceuticals & Drugs,2280.71,2,2023-03,79.63,2338.51,2023-03,2217.11,139.14,2,2023-03,16.39,,1.51,0.05,9.6,13.57,"IOLCP,"
Sequent Scientific Ltd.,SEQUENT,Pharmaceuticals & Drugs,2213.97,2,2023-03,397.9,2570.12,2022-03,1412.82,45.06,2,2023-03,0,0,3.18,0.49,6.6,7.06,"SEQUENT,"
Alembic Ltd.,ALEMBICLTD,Pharmaceuticals & Drugs,2123.33,2,2023-03,0,2121.43,2023-03,127.24,80.62,2,2023-03,11.14,2.58,1.02,0,3.52,3.82,"ALEMBICLTD,"
Shalby Ltd.,SHALBY,Hospital & Healthcare Services,2116.45,2,2023-03,141.67,2245.84,2023-03,804.92,67.68,2,2023-06,30.94,2.7,2.23,0.15,7.51,10.72,"SHALBY,"
Supriya Lifescience Ltd.,SUPRIYA,Pharmaceuticals & Drugs,2048.69,1,2023-03,16.63,1907.73,2022-03,530.05,151.81,1,2023-03,22.8,0.25,2.93,0.03,34.34,43.34,"SUPRIYA,"
Amrutanjan Health Care Ltd.,AMRUTANJAN,Pharmaceuticals & Drugs,1904.67,1,2023-03,,1834.35,2022-03,405.84,67.19,1,2023-03,47.82,1.89,6.55,0,28.03,37.93,"AMRUTANJAN,"
Novartis India Ltd.,NOVARTIND,Pharmaceuticals & Drugs,1821.19,1,2023-03,0,1265.25,2023-03,378.74,103.36,1,2023-06,25.56,4.49,2.29,0,14.07,15.96,"NOVARTIND,"
Artemis Medicare Services Ltd.,ARTEMISMED,Hospital & Healthcare Services,1730.18,2,2023-03,241.54,1920.78,2023-03,737.43,38.01,2,2023-03,44.74,,5.27,0.74,12.41,13.34,"ARTEMISMED,"
RPG Life Sciences Ltd.,RPGLIFE,Pharmaceuticals & Drugs,1719.31,1,2023-03,0.01,1662.28,2023-03,512.81,67.64,1,2023-03,25.42,0.67,5.59,0,24.01,32.92,"RPGLIFE,"
TTK Healthcare Ltd.,TTKHLTCARE,Pharmaceuticals & Drugs,1675.22,1,2023-03,25.53,853.59,2023-03,725.11,44.67,1,2023-03,37.5,1.9,1.77,0.03,7.01,10.13,"TTKHLTCARE,"
Morepen Laboratories Ltd.,MOREPENLAB,Pharmaceuticals & Drugs,1570.31,2,2023-03,25.16,1539.17,2022-03,1546.83,101.68,2,2023-03,40.6,1.2,2.09,0.03,21.79,24.86,"MOREPENLAB,"
Krsnaa Diagnostics Ltd.,KRSNAA,Hospital & Healthcare Services,1521.53,2,2023-03,16.5,1429.23,2022-03,455.45,68.39,2,2023-03,24.5,,2.06,0.06,10.02,14.47,"KRSNAA,"
Solara Active Pharma Sciences Ltd.,SOLARA,Pharmaceuticals & Drugs,1440.21,2,2023-03,1001.15,2432.47,2022-03,1268.34,-58.29,2,2023-03,0,,0.96,0.67,-3.75,-0.67,"SOLARA,"
Hester Biosciences Ltd.,HESTERBIO,Pharmaceuticals & Drugs,1432.34,2,2023-03,268.15,1685.68,2022-03,235.01,39.06,2,2023-03,53.61,4.96,5.1,0.86,16,14.02,"HESTERBIO,"
Suven Life Sciences Ltd.,SUVEN,Pharmaceuticals & Drugs,1413.12,2,2023-03,0,1228.84,2023-03,13.54,-118.27,2,2023-03,0,,3.77,0,-50.17,-49.89,"SUVEN,"
Themis Medicare Ltd.,THEMISMED,Pharmaceuticals & Drugs,1373.51,2,2023-03,91.96,1446.58,2022-03,394.61,61.54,2,2023-03,23.97,0.68,4.46,0.27,24.35,27.68,"THEMISMED,"
NGL Fine-Chem Ltd.,NGLFINE,Pharmaceuticals & Drugs,1219.57,2,2023-03,30.48,1237.01,2022-03,317.5,49.9,2,2023-03,59.39,,5.47,0.15,27.9,33.91,"NGLFINE,"
KMC Speciality Hospitals (India) Ltd.,524520,Hospital & Healthcare Services,1216.94,1,2023-03,44.5,1222.65,2022-03,136.07,23.73,1,2023-03,45.6,1.31,10.72,0.31,31.61,32.44,"524520,"
Jagsonpal Pharmaceuticals Ltd.,JAGSNPHARM,Pharmaceuticals & Drugs,1186.51,1,2023-03,,1071.88,2022-03,226.1,19.59,1,2023-03,44.4,0.51,7.47,0,16.52,22.64,"JAGSNPHARM,"
Gujarat Themis Biosyn Ltd.,506879,Pharmaceuticals & Drugs,1141.88,1,2023-03,,1132.55,2022-03,114.85,43.62,1,2023-03,19.7,0.34,7.66,0,50.35,67.91,"506879,"
Indraprastha Medical Corporation Ltd.,INDRAMEDCO,Hospital & Healthcare Services,1108.78,1,2023-03,,980.03,2022-03,888.16,58.62,1,2023-03,12.87,0.74,2.92,0,19.6,27.58,"INDRAMEDCO,"
Vimta Labs Ltd.,VIMTALABS,Hospital & Healthcare Services,1097.52,2,2023-03,14.99,1072.73,2023-03,318.19,48.17,2,2023-06,22.67,,3.98,0.05,19.02,24.59,"VIMTALABS,"
Medicamen Biotech Ltd.,MEDICAMEQ,Pharmaceuticals & Drugs,1044.98,2,2023-03,24.18,1069.16,2022-03,115.45,14.9,2,2023-03,70.59,,5.64,0.19,11.24,12.94,"MEDICAMEQ,"
Bliss GVS Pharma Ltd.,BLISSGVS,Pharmaceuticals & Drugs,1044.27,2,2023-03,98.07,1039.35,2023-03,751.59,76.73,2,2023-03,14.72,,1.19,0.11,9.11,12.22,"BLISSGVS,"
Zota Health Care Ltd.,ZOTA,Pharmaceuticals & Drugs,1035.31,2,2023-03,,1034.2,2022-03,131.17,8.91,2,2023-03,0,,12.77,0,11.43,16.36,"ZOTA,"
Bajaj Healthcare Ltd.,BAJAJHCARE,Pharmaceuticals & Drugs,1018.38,1,2023-03,414.33,1432.71,2022-03,679.89,71.39,1,2023-03,23.67,0.43,2.77,0.78,24.33,20,"BAJAJHCARE,"
Rajnish Wellness Ltd.,541601,Pharmaceuticals & Drugs,1012.08,1,2023-03,5.39,1017.47,2022-03,26.44,0.39,1,2023-06,0,,7.51,0.41,1.79,2.71,"541601,"
SMS Pharmaceuticals Ltd.,SMSPHARMA,Pharmaceuticals & Drugs,986.03,2,2023-03,252.51,1231.07,2022-03,519.87,67.88,2,2023-03,0,0,2.14,0.55,15.41,12.6,"SMSPHARMA,"
Kopran Ltd.,KOPRAN,Pharmaceuticals & Drugs,897.2,2,2023-03,75.24,959.86,2022-03,477.52,61.03,2,2023-03,32.92,1.31,2.04,0.17,18.19,21.4,"KOPRAN,"
Lincoln Pharmaceuticals Ltd.,LINCOLN,Pharmaceuticals & Drugs,866.89,2,2023-03,2,834.56,2022-03,472.12,69.36,2,2023-03,12.01,0.61,1.74,0,17.35,24.29,"LINCOLN,"
Panacea Biotec Ltd.,PANACEABIO,Pharmaceuticals & Drugs,816.78,2,2023-03,20.22,611.01,2022-03,661.23,1077.9,2,2023-03,0,,0.97,0.04,347.66,221.15,"PANACEABIO,"
Beta Drugs Ltd.,BETA,Pharmaceuticals & Drugs,792.46,2,2023-03,3.73,796.19,2022-03,183.84,24.83,1,2023-03,42.12,,8.23,0.22,30.85,36.38,"BETA,"
Syncom Formulations (India) Ltd.,SYNCOMF,Pharmaceuticals & Drugs,758.58,1,2023-03,83.18,833.13,2022-03,219.66,19.79,2,2023-03,37.79,2.88,2.96,0.27,10.02,10.61,"SYNCOMF,"
Dr Agarwals Eye Hospital Ltd.,526783,Hospital & Healthcare Services,733.2,1,2023-03,43.83,748.93,2022-03,201.21,24.1,1,2023-03,19.86,0.74,6.47,0.41,36.29,42.41,"526783,"
Windlas Biotech Ltd.,WINDLAS,Pharmaceuticals & Drugs,692.38,2,2023-03,0.44,667.37,2022-03,465.93,38.09,2,2023-03,16.32,,1.74,0.02,12.87,14.88,"WINDLAS,"
Medico Remedies Ltd.,MEDICO,Pharmaceuticals & Drugs,663.87,1,2023-03,8.09,669.79,2023-03,140.44,7.24,1,2023-03,91.68,2.14,15.14,0.18,18.01,21.88,"MEDICO,"
Prevest Denpro Ltd.,543363,Medical Equipment/Supplies/Accessories,662.57,1,2023-03,0,662.57,2022-03,37.62,11.57,1,2023-03,42.17,,9.1,0.02,29.07,39.64,"543363,"
Zim Laboratories Ltd.,ZIMLAB,Pharmaceuticals & Drugs,648.3,2,2023-03,59.41,700.19,2023-03,398.53,24.43,2,2023-03,26.53,2.04,3.24,0.3,13,16.82,"ZIMLAB,"
Nectar Lifesciences Ltd.,NECLIFE,Pharmaceuticals & Drugs,572.09,2,2023-03,753.83,1325.92,2022-03,1668.83,25.05,2,2023-03,0,,0.54,0.79,2.33,5.77,"NECLIFE,"
Anuh Pharma Ltd.,506260,Pharmaceuticals & Drugs,561.25,1,2023-03,0,554.6,2023-03,527.49,36.18,1,2023-03,15.51,0.91,2.33,0,15.9,21.05,"506260,"
Shree Ganesh Remedies Ltd.,540737,Pharmaceuticals & Drugs,539,1,2023-03,33.51,561.36,2022-03,71.29,13.4,1,2023-03,31.67,0.82,6.04,0,24.02,32.47,"540737,"
Ind-Swift Laboratories Ltd.,INDSWFTLAB,Pharmaceuticals & Drugs,525.81,2,2023-03,861.54,1387.36,2022-03,1038.73,-2.15,2,2023-03,11.13,0.79,1.07,2.35,-0.54,7.85,"INDSWFTLAB,"
Balaxi Pharmaceuticals Ltd.,BALAXI,Pharmaceuticals & Drugs,521.84,2,2023-03,11.62,533.46,2022-03,279.39,47.66,2,2023-03,11.35,,3.08,0.03,53.5,59.62,"BALAXI,"
Fredun Pharmaceuticals Ltd.,539730,Pharmaceuticals & Drugs,503.91,1,2023-03,86.53,587,2022-03,224.46,6.34,1,2023-06,39.05,1.12,4.87,0.78,11.42,14.6,"539730,"
Sakar Healthcare Ltd.,SAKAR,Pharmaceuticals & Drugs,487.04,2,2023-03,111.25,598.29,2022-03,128.23,15.18,2,2023-03,38.17,,2.81,0.73,13.44,12.09,"SAKAR,"
Kaya Ltd.,KAYA,Hospital & Healthcare Services,452.8,2,2023-03,142.09,540.92,2023-03,376.73,-116.26,2,2023-06,0,,-3.87,-1.33,0,-121.62,"KAYA,"
Fermenta Biotech Ltd.,506414,Pharmaceuticals & Drugs,423.81,2,2023-03,216.84,582.37,2022-03,398.52,15.06,2,2023-03,0,0,1.36,0.66,4.27,7.5,"506414,"
Albert David Ltd.,ALBERTDAVD,Pharmaceuticals & Drugs,416.22,1,2023-03,4.7,395.7,2023-03,341.56,36.17,1,2023-03,11.51,0.39,1.34,0.02,12.24,17.1,"ALBERTDAVD,"
Zenotech Laboratories Ltd.,532039,Pharmaceuticals & Drugs,379.12,1,2023-03,,379.12,2022-03,36.57,22.18,1,2023-03,32.73,1.32,4.61,0.08,37.26,15.26,"532039,"
Lyka Labs Ltd.,LYKALABS,Pharmaceuticals & Drugs,367.46,2,2023-03,72.18,427.93,2023-03,93.07,-13.15,2,2023-03,0,0,6,2.58,-63.63,-1,"LYKALABS,"
Kwality Pharmaceuticals Ltd.,539997,Pharmaceuticals & Drugs,358.45,2,2023-03,90.26,441.35,2022-03,456.19,119.94,2,2023-03,18.53,0.18,1.8,0.3,99.66,98,"539997,"
Natural Capsules Ltd.,524654,Pharmaceuticals & Drugs,358.16,2,2023-03,96.53,447.77,2023-03,172.37,18.45,2,2023-03,19.48,0.26,2.9,0.78,17.89,16.18,"524654,"
Venus Remedies Ltd.,526953,Pharmaceuticals & Drugs,339.52,2,2023-03,42.29,328.1,2023-03,555.51,26.57,2,2023-03,12.8,0.55,0.74,0.09,5.9,7.75,"526953,"
Nureca Ltd.,NURECA,Medical Equipment/Supplies/Accessories,336.91,2,2023-03,0.08,266.02,2023-03,111.32,-8.25,2,2023-03,0,,1.73,0,-4.14,-5.17,"NURECA,"
Vaidya Sane Ayurved Laboratories Ltd.,MADHAVBAUG,Hospital & Healthcare Services,327.65,1,2022-03,1.06,326.15,2022-03,74.71,3.47,1,2023-03,63.13,,9.13,0.03,15.2,22.53,"MADHAVBAUG,"
Jenburkt Pharmaceuticals Ltd.,524731,Pharmaceuticals & Drugs,325.99,1,2023-03,2.44,274.62,2023-03,136.75,24.61,1,2023-03,13.25,1.79,2.66,0.02,20.53,26.8,"524731,"
Kilitch Drugs (India) Ltd.,KILITCH,Pharmaceuticals & Drugs,289.8,2,2023-03,22.19,292.02,2022-03,114.23,6.21,2,2023-03,27.74,1.2,1.91,0.15,4.73,7.26,"KILITCH,"
Bharat Parenterals Ltd.,541096,Pharmaceuticals & Drugs,249.9,2,2023-03,49.74,289.66,2022-03,212.01,20.81,2,2023-03,15.33,0.61,1.37,0.11,13.46,17.18,"541096,"
Bafna Pharmaceuticals Ltd.,BAFNAPH,Pharmaceuticals & Drugs,230.06,1,2023-03,22.92,252.98,2022-03,85.14,5.15,1,2023-03,20.29,1.06,3.13,0.14,8.61,8.39,"BAFNAPH,"
Brooks Laboratories Ltd.,BROOKS,Pharmaceuticals & Drugs,229.34,2,2023-03,5.66,233.93,2022-03,91.08,-19.31,2,2023-03,0,,2.46,0.38,-27.16,-21.03,"BROOKS,"
Ambalal Sarabhai Enterprises Ltd.,500009,Pharmaceuticals & Drugs,226.3,2,2023-03,40.14,238.36,2022-03,196.75,47.22,2,2023-03,20.39,0.51,1.73,0.21,48.74,45.53,"500009,"
Panchsheel Organics Ltd.,531726,Pharmaceuticals & Drugs,220.67,1,2023-03,5.58,222.54,2022-03,69.03,8.36,1,2023-03,15.68,0.74,2.3,0.09,19.19,24.61,"531726,"
Hemant Surgical Industries Ltd.,543916,Medical Equipment/Supplies/Accessories,206.71,1,2023-03,7.12,205.37,2023-03,109.15,7.65,1,2023-03,27.02,0.52,4.27,0.3,41.64,44.94,"543916,"
Asarfi Hospital Ltd.,543943,Hospital & Healthcare Services,203.62,1,2023-03,17.2,212.3,2023-03,68.82,8.02,1,2023-03,25.4,,2.96,0.41,24.87,26.21,"543943,"
Lotus Eye Hospital And Institute Ltd.,LOTUSEYE,Hospital & Healthcare Services,198.46,1,2023-03,,190.05,2022-03,38.91,2.98,1,2023-03,48.68,1.1,3.45,0,5.56,8,"LOTUSEYE,"
Tyche Industries Ltd.,532384,Pharmaceuticals & Drugs,186.75,1,2023-03,,112.02,2022-03,62.27,9.33,1,2023-03,13.18,0.49,1.6,0,9.32,12.63,"532384,"
Trident Lifeline Ltd.,543616,Pharmaceuticals & Drugs,178.24,2,2023-03,5.58,183.81,2022-03,21.77,2.28,2,2023-03,29.63,,3.79,0.51,47.75,44.06,"543616,"
Mangalam Drugs And Organics Ltd.,MANGALAM,Pharmaceuticals & Drugs,175.77,1,2023-03,68.33,241.42,2022-03,451.07,19.66,1,2023-03,138.4,,1.16,0.52,13.97,18.34,"MANGALAM,"
Wanbury Ltd.,524212,Pharmaceuticals & Drugs,171.38,2,2023-03,64.14,231.58,2022-03,511.19,81.47,2,2023-03,0,,-4.91,-2.72,0,428.79,"524212,"
Kimia Biosciences Ltd.,530313,Pharmaceuticals & Drugs,169.14,1,2023-03,52.92,221.56,2022-03,124.9,-3.7,1,2023-03,0,,30.96,2.73,-22.22,-2.32,"530313,"
SMS Lifesciences India Ltd.,SMSLIFE,Pharmaceuticals & Drugs,159.61,2,2023-03,98.64,253.84,2022-03,349.74,25.3,2,2023-03,14.02,,0.95,0.51,17.98,18.42,"SMSLIFE,"
Sudarshan Pharma Industries Ltd.,543828,Pharmaceuticals & Drugs,155.95,2,2023-03,34.09,190.04,2022-03,357.09,5.3,1,2023-03,22.15,,1.54,1.03,20.29,18.77,"543828,"
Bal Pharma Ltd.,BALPHARMA,Pharmaceuticals & Drugs,153.87,2,2023-03,131,277.26,2022-03,281.21,5.7,2,2023-03,59.36,2.27,2.39,1.8,10.34,12.33,"BALPHARMA,"
Krebs Biochemicals & Industries Ltd.,KREBSBIO,Pharmaceuticals & Drugs,150.6,1,2023-03,183.24,333.84,2022-03,59.7,-44.53,1,2023-03,0,,-1.51,-1.91,0,-57.29,"KREBSBIO,"
Aashka Hospitals Ltd.,543346,Hospital & Healthcare Services,149.64,1,2023-03,29.18,178.82,2022-03,39.73,2.37,1,2023-03,0,,1.59,0.29,3.76,6.38,"543346,"
Shukra Pharmaceuticals Ltd.,524632,Pharmaceuticals & Drugs,148.94,1,2023-03,5.08,154.02,2022-03,20.49,0.75,1,2023-03,33.8,4.05,4.61,0.21,4.7,5.79,"524632,"
Alpa Laboratories Ltd.,ALPA,Pharmaceuticals & Drugs,146.84,2,2023-03,2.3,138.99,2022-03,112.27,14.09,2,2023-03,11.61,0.47,1.09,0.05,12.29,16.81,"ALPA,"
Vaishali Pharma Ltd.,VAISHALI,Pharmaceuticals & Drugs,144.21,1,2023-03,13.66,156.89,2022-03,75.82,4.02,1,2023-03,21.84,0.53,3.55,0.79,16.5,18.87,"VAISHALI,"
Smruthi Organics Ltd.,540686,Pharmaceuticals & Drugs,139.53,1,2023-03,5.7,143.48,2023-03,141.04,4.13,1,2023-03,33.78,1.26,2.05,0.08,6.11,7.39,"540686,"
Oxygenta Pharmaceutical Ltd.,524636,Pharmaceuticals & Drugs,136.11,1,2023-03,67.99,204,2022-03,60.52,-0.61,1,2023-03,0,0,-7.88,-1.51,0,3.18,"524636,"
Denis Chem Lab Ltd.,537536,Pharmaceuticals & Drugs,132.36,1,2023-03,1.93,117.36,2022-03,136.56,6.26,1,2023-03,16.84,0.44,1.83,0.05,9.79,13.79,"537536,"
Samrat Pharmachem Ltd.,530125,Pharmaceuticals & Drugs,131.33,1,2023-03,18.66,138.1,2022-03,221.81,17.18,1,2023-03,7.9,0.14,2.08,0.16,44.95,52.33,"530125,"
Sotac Pharmaceuticals Ltd.,SOTAC,Pharmaceuticals & Drugs,129.56,2,2023-03,10.66,140.22,2022-03,73.15,2.88,1,2023-03,28.81,,2.89,1.12,63.16,31.31,"SOTAC,"
Gennex Laboratories Ltd.,531739,Pharmaceuticals & Drugs,119.94,2,2023-03,0.98,106.47,2022-03,61.21,3.92,1,2023-03,26.31,3.02,1.52,0.23,9.39,11.82,"531739,"
Syschem (India) Ltd.,531173,Pharmaceuticals & Drugs,118.31,1,2023-03,1.61,119.26,2022-03,59,-1.71,1,2023-03,26.22,,5.33,0.29,-26.16,-12.18,"531173,"
Kerala Ayurveda Ltd.,530163,Pharmaceuticals & Drugs,116.9,2,2023-03,73.62,190.53,2022-03,80.35,2.39,2,2023-03,0,,45.54,22.6,137.66,12.62,"530163,"
Lasa Supergenerics Ltd.,LASA,Pharmaceuticals & Drugs,114.98,1,2023-03,,112.59,2022-03,137.13,-5.37,1,2023-03,0,,0.97,0.14,-3.49,-3.54,"LASA,"
BDH Industries Ltd.,524828,Pharmaceuticals & Drugs,111.09,1,2023-03,4.85,89.97,2023-03,74.46,8.2,1,2023-03,13.54,0.8,2.08,0.09,16.31,20.84,"524828,"
Fortis Malar Hospitals Ltd.,523696,Hospital & Healthcare Services,109.55,2,2023-03,0,100.11,2023-03,85.95,-15.48,2,2023-03,0,,1.71,0,-21.46,-1.3,"523696,"
Aatmaj Healthcare Ltd.,AATMAJ,Hospital & Healthcare Services,106.56,2,2022-03,5.18,111.55,2022-03,21.81,4.92,1,2022-03,21.66,,2,0.64,60.7,53.36,"AATMAJ,"
Chandra Bhagat Pharma Ltd.,542934,Pharmaceuticals & Drugs,100.73,1,2023-03,18.95,119.67,2022-03,94.08,0.8,1,2023-03,111.42,29.11,3.67,0.83,3.19,8.83,"542934,"
Everest Organics Ltd.,524790,Pharmaceuticals & Drugs,99.2,1,2023-03,51.05,150.25,2022-03,200.05,1.14,1,2023-03,0,,2.15,0.83,2.45,6.25,"524790,"
Mercury Laboratories Ltd.,538964,Pharmaceuticals & Drugs,96.84,1,2023-03,5.36,94.89,2022-03,57.92,3.69,1,2023-03,17.36,3.07,2.12,0.13,9.55,12.53,"538964,"
Bharat Immunologicals & Biologicals Corporation Ltd.,524663,Pharmaceuticals & Drugs,93.83,1,2023-03,70.22,155.31,2022-03,78.39,-8.75,1,2023-03,0,,-4,-12.18,0,-8.08,"524663,"
Lactose (India) Ltd.,524202,Pharmaceuticals & Drugs,91.72,1,2023-03,38.82,129.63,2022-03,45.94,2.45,1,2023-03,75.93,,2.26,1.06,6.65,10.21,"524202,"
Coral Laboratories Ltd.,524506,Pharmaceuticals & Drugs,91.62,1,2023-03,0,51.21,2023-03,78.12,6.45,1,2023-03,14.21,,0.59,0,4.15,5.41,"524506,"
Shree Pacetronix Ltd.,527005,Medical Equipment/Supplies/Accessories,91.46,2,2023-03,2.19,92.8,2022-03,9.23,0.78,2,2023-03,28.06,0.81,9.45,0.47,12.96,14.81,"527005,"
Pharmaids Pharmaceuticals Ltd.,524572,Pharmaceuticals & Drugs,87.88,1,2023-03,,87.88,2022-03,3.94,0.15,1,2023-03,0,0,3.97,0,1.69,1.66,"524572,"
Aarey Drugs & Pharmaceuticals Ltd.,AAREYDRUGS,Pharmaceuticals & Drugs,84.35,1,2023-03,37.72,122.07,2022-03,492.68,6.54,1,2023-03,22.33,6.14,0.72,0.13,6.3,9.86,"AAREYDRUGS,"
ANG Lifesciences India Ltd.,540694,Pharmaceuticals & Drugs,83.99,2,2023-03,69.98,147.79,2022-03,354.3,40.32,2,2023-03,0,,0.98,0.92,48.13,39.14,"540694,"
Parnax Lab Ltd.,506128,Pharmaceuticals & Drugs,82.86,2,2023-03,50.9,130.98,2022-03,163.03,8.26,2,2023-03,9.6,0.55,1.33,1.41,20.93,17.34,"506128,"
Godavari Drugs Ltd.,530317,Pharmaceuticals & Drugs,78.6,1,2023-03,35.85,111.37,2023-03,159.62,3.79,1,2023-03,20.76,0.61,2.35,1.07,12.01,14.53,"530317,"
Biofil Chemicals & Pharmaceuticals Ltd.,BIOFILCHEM,Pharmaceuticals & Drugs,74.99,1,2023-03,0.52,75.47,2022-03,22.38,0.7,1,2023-03,133.67,,4.33,0.03,4.24,6.23,"BIOFILCHEM,"
Sanjivani Paranteral Ltd.,531569,Pharmaceuticals & Drugs,69.94,1,2023-03,2.49,72.43,2022-03,30.61,4.85,1,2023-06,16.41,0.97,-45.9,-0.79,0,0,"531569,"
Tejnaksh Healthcare Ltd.,539428,Hospital & Healthcare Services,69.07,2,2023-03,5.88,71.81,2022-03,12.68,2.81,2,2023-03,41.04,4.9,3.17,0.35,15.05,17.2,"539428,"
Source Natural Foods and Herbal Supplements Ltd.,531398,Pharmaceuticals & Drugs,67,1,2023-03,0.02,67.02,2022-03,21.53,2.43,1,2023-03,31.62,2.72,3.78,0,16.92,26.23,"531398,"
Ind-Swift Ltd.,524652,Pharmaceuticals & Drugs,66.35,1,2023-03,992.62,1058.97,2022-03,397.71,-20.02,2,2023-03,2.53,0.2,-0.1,-1.44,0,11.69,"524652,"
Makers Laboratories Ltd.,506919,Pharmaceuticals & Drugs,66.2,2,2023-03,11.46,73.29,2023-03,101.28,-2.19,2,2023-03,0,,0.95,0.17,-3.4,1.72,"506919,"
Cian Healthcare Ltd.,542678,Pharmaceuticals & Drugs,61.39,2,2023-03,42.71,104.1,2022-03,77.87,-5.53,1,2023-03,57,,1.07,1.2,-10.51,0.46,"542678,"
Nidan Laboratories And Healthcare Ltd.,NIDAN,Hospital & Healthcare Services,55.67,1,2023-03,10.93,66.6,2022-03,29.66,2.66,1,2023-03,15.73,,0.84,0.29,6.72,10.52,"NIDAN,"
JFL Life Sciences Ltd.,JFLLIFE,Pharmaceuticals & Drugs,55.05,1,2023-03,7.18,62.23,2021-03,32.77,0.54,1,2023-03,19.59,,1.69,2.45,8.85,10.32,"JFLLIFE,"
Auro Laboratories Ltd.,530233,Pharmaceuticals & Drugs,52.32,1,2023-03,6.16,56.06,2022-03,50.87,2.84,1,2023-03,21.43,0.75,1.53,0.44,9.47,12.2,"530233,"
Sandu Pharmaceuticals Ltd.,524703,Pharmaceuticals & Drugs,49.74,1,2023-03,,47.46,2022-03,65.5,1.59,1,2023-03,32.68,0.87,1.64,0,6.29,9.35,"524703,"
Vineet Laboratories Ltd.,VINEETLAB,Pharmaceuticals & Drugs,46.73,1,2023-03,31.09,76.87,2022-03,191.17,6.64,1,2023-03,37.33,,1.39,0.8,22.19,23.3,"VINEETLAB,"
Deccan Health Care Ltd.,542248,Pharmaceuticals & Drugs,45.8,2,2023-03,0.39,46.19,2022-03,33.17,0.32,1,2023-03,100.43,,0.56,0.02,0.42,0.89,"542248,"
Choksi Laboratories Ltd.,526546,Hospital & Healthcare Services,43.18,1,2023-03,30.35,73.54,2022-03,30.04,0.21,1,2023-03,13.45,,2.05,1.94,1.16,6.75,"526546,"
GKB Ophthalmics Ltd.,533212,Medical Equipment/Supplies/Accessories,42.92,2,2023-03,11.22,39.68,2022-03,70.94,1.94,2,2023-03,0,0,0.68,0.19,3.09,4.58,"533212,"
Vivimed Labs Ltd.,VIVIMEDLAB,Pharmaceuticals & Drugs,42.29,2,2023-03,378.57,420.85,2022-03,237.29,-67.65,2,2023-03,0,,29.72,1.1,-18.8,-3.54,"VIVIMEDLAB,"
Global Longlife Hospital and Research Ltd.,543520,Hospital & Healthcare Services,42,1,2023-03,9.29,51.3,2022-03,32.82,3.57,1,2023-03,22.99,,0.65,0.62,29.65,29.36,"543520,"
Vivo Bio Tech Ltd.,511509,Pharmaceuticals & Drugs,41.13,2,2023-03,62.4,103.53,2022-03,51.39,2.2,2,2023-03,15.53,,0.79,1.47,5.06,9.32,"511509,"
NG Industries Ltd.,530897,Hospital & Healthcare Services,40.54,1,2023-03,0.59,39.39,2022-03,18.42,2.61,1,2023-03,4.88,0.38,1.44,0.02,13.41,17.19,"530897,"
Walpar Nutritions Ltd.,WALPAR,Pharmaceuticals & Drugs,40.05,2,2023-03,3.2,43.26,2022-03,26.76,0.36,1,2023-03,136.71,,3.23,0.66,4.58,5,"WALPAR,"
Vista Pharmaceuticals Ltd.,524711,Pharmaceuticals & Drugs,39.08,1,2023-03,9.83,48.91,2022-03,0.39,-0.83,1,2023-03,0,,0.92,0.35,-2.44,-3.63,"524711,"
Adeshwar Meditex Ltd.,543309,Pharmaceuticals & Drugs,38.68,1,2023-03,14.52,53.2,2022-03,64.76,0.79,1,2023-03,18.65,,1.25,0.61,3.08,6.98,"543309,"
Veerhealth Care Ltd.,511523,Pharmaceuticals & Drugs,37.83,1,2023-03,0,37.83,2022-03,9.63,-0.07,1,2023-03,23.9,,1.76,0,-0.53,2.17,"511523,"
Raaj Medisafe India Ltd.,524502,Medical Equipment/Supplies/Accessories,36.9,1,2023-03,15.62,52.49,2022-03,34.69,3.01,1,2023-03,11.09,0.27,4.91,3.14,115.41,28.33,"524502,"
Family Care Hospitals Ltd.,516110,Hospital & Healthcare Services,36.73,1,2023-03,4.32,41.05,2022-03,42.07,5.2,1,2023-03,6.99,0.07,0.8,0.3,44.6,45.74,"516110,"
Vilin Bio Med Ltd.,VILINBIO,Pharmaceuticals & Drugs,35.57,1,2023-03,4.93,40.5,2022-03,11.21,0.03,1,2023-03,28.57,,1.3,0.72,0.45,4.31,"VILINBIO,"
Roopa Industries Ltd.,530991,Pharmaceuticals & Drugs,33.62,1,2023-03,17.7,48.58,2022-03,51.21,1.01,1,2023-03,24.9,0.62,2.41,0.95,8.41,10.88,"530991,"
Bandaram Pharma Packtech Ltd.,524602,Pharmaceuticals & Drugs,33.56,1,2023-03,4.4,37.97,2022-03,,-0.01,1,2023-03,164.53,,2.78,0,-3.02,-0.94,"524602,"
Earum Pharmaceuticals Ltd.,542724,Pharmaceuticals & Drugs,33.36,1,2023-03,8.74,42.1,2022-03,21.04,2.22,1,2023-03,16.84,0.24,0.6,0.52,14.24,12.34,"542724,"
Unick Fix-A-Form And Printers Ltd.,541503,Pharmaceuticals & Drugs,30.99,1,2023-03,18.94,49.93,2022-03,69.43,2.64,1,2023-03,13.83,4.13,1.05,0.89,10.19,11.07,"541503,"
KMS Medisurgi Ltd.,540468,Medical Equipment/Supplies/Accessories,30.03,1,2023-03,0.99,31.02,2022-03,10.32,0.22,1,2023-03,52.41,649.88,4.5,0.15,3.28,4.28,"540468,"
Centenial Surgical Suture Ltd.,531380,Medical Equipment/Supplies/Accessories,29.45,1,2023-03,0,29.45,2022-03,44.43,0.63,1,2023-03,29.42,,1,0.31,2.23,7.27,"531380,"
Transgene Biotek Ltd.,526139,Hospital & Healthcare Services,28.72,2,2023-03,13.11,41.83,2022-03,0.09,-10.4,2,2023-03,0,0,2.53,0.69,-52.52,-32.32,"526139,"
Concord Drugs Ltd.,538965,Pharmaceuticals & Drugs,27.2,1,2023-03,14.8,41.91,2022-03,58.96,1.59,1,2023-03,30.53,0.52,0.86,0.58,5.78,9.3,"538965,"
Aspira Pathlab & Diagnostics Ltd.,540788,Hospital & Healthcare Services,26.62,1,2023-03,0.96,25.23,2022-03,19.54,4.46,1,2023-03,0,0,2.09,0.07,42.26,41.63,"540788,"
Omkar Pharmachem Ltd.,532167,Pharmaceuticals & Drugs,25.01,1,2023-03,0.62,25.63,2022-03,0.54,0.18,1,2023-03,126.96,5.78,2.77,0.11,2.09,2.76,"532167,"
Medinova Diagnostic Services Ltd.,526301,Hospital & Healthcare Services,24.57,2,2023-03,5.75,30.32,2022-03,13.2,2.38,2,2023-06,14.96,0.67,-4.97,-0.94,0,0,"526301,"
Samsrita Labs Ltd.,539267,Hospital & Healthcare Services,24.29,2,2023-03,2.08,26.36,2022-03,0.02,1.5,1,2023-03,0,0,1.93,0.21,12.29,10.2,"539267,"
Ishita Drugs & Industries Ltd.,524400,Pharmaceuticals & Drugs,22.63,1,2023-03,0.96,20.16,2022-03,14.09,0.8,1,2023-03,39.22,1.13,2.47,0,9.82,13,"524400,"
Panjon Ltd.,526345,Pharmaceuticals & Drugs,22.16,1,2023-03,0.78,22.94,2022-03,8.43,-4.15,1,2023-03,189.43,,1.73,0.06,-28.17,-24.99,"526345,"
Gian Life Care Ltd.,542918,Hospital & Healthcare Services,21.64,2,2023-03,4.58,26.22,2022-03,15.93,4.37,2,2023-03,20.31,,1.43,0.14,31.16,44.24,"542918,"
Link Pharma Chem Ltd.,524748,Pharmaceuticals & Drugs,21.06,1,2023-03,8.76,29.62,2022-03,53.56,1.88,1,2023-03,32.25,0.61,1.4,0.44,13.92,16.57,"524748,"
Zenith Health Care Ltd.,530665,Pharmaceuticals & Drugs,20.04,1,2023-03,,19.13,2022-03,22.36,0.31,1,2023-03,253.73,7.84,2.77,0,4.44,8.85,"530665,"
Gujarat Terce Laboratories Ltd.,524314,Pharmaceuticals & Drugs,19.73,1,2023-03,7.27,27,2022-03,40.13,0.87,1,2023-03,0,0,2.88,0.78,10.77,8.31,"524314,"
Phaarmasia Ltd.,523620,Pharmaceuticals & Drugs,17.98,1,2023-03,0.01,17.3,2023-03,27.49,-1.26,1,2023-03,0,,2.74,0,-17.5,-19.24,"523620,"
Chennai Meenakshi Multispeciality Hospital Ltd.,523489,Hospital & Healthcare Services,17.81,1,2023-03,10.63,28.43,2022-03,31.39,3.98,1,2023-03,20.01,0.48,157.36,-13.68,0,59.93,"523489,"
Decipher Labs Ltd.,524752,Pharmaceuticals & Drugs,16.64,2,2023-03,0.95,17.59,2022-03,65.32,11.38,2,2023-03,0,,0.72,0.43,60.15,40.71,"524752,"
Ortin Laboratories Ltd.,ORTINLAB,Pharmaceuticals & Drugs,16.58,1,2023-03,6.45,22.77,2022-03,8.23,-0.4,1,2023-03,0,,1.53,0.56,-3.57,1.59,"ORTINLAB,"
Emmessar Biotech & Nutrition Ltd.,524768,Pharmaceuticals & Drugs,12.53,1,2023-03,0.08,7.42,2022-03,0.36,0.48,1,2023-03,24.9,,1.88,0,8.01,15.71,"524768,"
Norris Medicines Ltd.,524414,Pharmaceuticals & Drugs,11.87,1,2023-03,21.4,33.27,2022-03,9.44,-3.26,1,2023-03,0,,-0.96,-1.97,0,-6.59,"524414,"
Parmax Pharma Ltd.,540359,Pharmaceuticals & Drugs,11.79,1,2023-03,4.48,16.26,2022-03,18.24,0.14,1,2023-03,0,0,2.71,1,3.38,6.62,"540359,"
Constronics Infra Ltd.,523844,Hospital & Healthcare Services,10.45,1,2023-03,0.74,10.67,2023-03,0.82,0.06,1,2023-03,183.39,9.39,42.05,2.96,25.7,9.94,"523844,"
Soni Medicare Ltd.,539378,Hospital & Healthcare Services,10.36,1,2023-03,7.7,18.05,2022-03,22.6,-0.6,1,2023-03,0,,3.14,1.85,-14.05,0.48,"539378,"
Parenteral Drugs (India) Ltd.,PDPL,Pharmaceuticals & Drugs,9.21,1,2022-03,106.23,115.45,2021-03,12.17,-121.71,1,2022-03,0,,-0.01,-0.84,0,0,"PDPL,"
Colinz Laboratories Ltd.,531210,Pharmaceuticals & Drugs,9.07,1,2023-03,0.27,3.61,2022-03,6.95,0.34,1,2023-03,19.89,1.04,1.11,0.06,4.53,6.76,"531210,"
Aayush Food & Herbs Ltd.,539528,Pharmaceuticals & Drugs,8.63,1,2023-03,,8.63,2022-03,17.46,-2.08,1,2023-03,0,,1.96,1.04,-35.95,-14.9,"539528,"
Dr Lalchandani Labs Ltd.,541299,Hospital & Healthcare Services,8.58,1,2023-03,6.4,14.98,2022-03,11.28,0.93,1,2023-03,0,,0.83,0.5,9.49,13.07,"541299,"
Kretto Syscon Ltd.,531328,Medical Equipment/Supplies/Accessories,8,1,2023-03,,7.57,2022-03,3.48,0.18,1,2023-03,42.76,,0.49,0,1.1,1.51,"531328,"
Beryl Drugs Ltd.,524606,Pharmaceuticals & Drugs,7.96,1,2023-03,4.54,11.93,2022-03,14.6,-0.66,1,2023-03,10.4,,0.99,0.73,-8.68,-3.82,"524606,"
Fabino Life Sciences Ltd.,543444,Pharmaceuticals & Drugs,5.78,1,2023-03,0.41,6.18,2022-03,4.2,0.05,1,2023-03,481.25,,1.41,0.01,1.74,2.48,"543444,"
Hindustan Bio Sciences Ltd.,532041,Pharmaceuticals & Drugs,5.74,1,2023-03,2.46,8.2,2022-03,0.43,-0.52,1,2023-03,0,,-0.77,2.75,-49.49,-16.66,"532041,"
Adline Chem Lab Ltd.,524604,Pharmaceuticals & Drugs,5.63,1,2023-03,1.29,6.92,2022-03,0.74,0.72,1,2023-03,0,,-3.55,0.5,31.35,16.18,"524604,"
Kobo Biotech Ltd.,531541,Pharmaceuticals & Drugs,5.5,1,2023-03,139.84,145.22,2022-03,,-15.23,1,2023-03,0,0,-0.04,-1.15,0,-17.59,"531541,"
Brawn Biotech Ltd.,530207,Pharmaceuticals & Drugs,5.45,1,2023-03,,5.45,2022-03,8.62,-1.64,1,2023-03,0,,0.86,0,-20.53,-25.66,"530207,"
Bacil Pharma Ltd.,524516,Pharmaceuticals & Drugs,5.35,1,2023-03,0.02,5.37,2022-03,,-3.86,1,2023-03,0,,11.07,0.03,-575.48,-273.27,"524516,"
Unjha Formulations Ltd.,531762,Pharmaceuticals & Drugs,5.21,1,2023-03,,5.21,2022-03,14.16,0.25,1,2023-03,18.53,,1.11,0,12.35,21.13,"531762,"
Looks Health Services Ltd.,534422,Hospital & Healthcare Services,4.98,1,2023-03,0,4.98,2022-03,,0.03,1,2023-03,0,0,0.34,0,0.21,0.26,"534422,"
Zyden Gentec Ltd.,530091,Pharmaceuticals & Drugs,4.83,1,2019-03,2.01,6.84,2019-03,1.14,-3.77,1,2019-03,0,,0.37,0.34,-47.91,-33.84,"530091,"
Dhanvantri Jeevan Rekha Ltd.,531043,Hospital & Healthcare Services,4.67,1,2023-03,,4.67,2022-03,16.76,0.49,1,2023-03,0,,0.5,0,5.31,7.4,"531043,"
MPS Pharmaa Ltd.,531686,Pharmaceuticals & Drugs,4.62,1,2023-03,6.77,11.39,2022-03,0.03,-0.14,1,2023-03,0,0,1.67,1.52,-3.64,-9.64,"531686,"
Chemo-Pharma Laboratories Ltd.,506365,Pharmaceuticals & Drugs,4.3,1,2023-03,,-1.76,2022-03,,0.56,1,2023-06,4.65,,0.36,0,4.97,3.24,"506365,"
Ganga Pharmaceuticals Ltd.,539680,Pharmaceuticals & Drugs,4.22,1,2023-03,1.66,5.89,2022-03,2.49,0.04,1,2023-03,105.6,,0.78,0.36,0.7,3.41,"539680,"
Gujarat Inject (Kerala) Ltd.,524238,Pharmaceuticals & Drugs,3.95,1,2023-03,0.61,4.56,2022-03,0.02,0,1,2023-03,96.31,,-4.78,-0.84,0,0,"524238,"
iStreet Network Ltd.,524622,Pharmaceuticals & Drugs,3.3,1,2023-03,1.8,5.1,2022-03,0.17,0.01,1,2023-03,0,0,-1.41,-0.96,0,174.6,"524622,"
Desh Rakshak Aushdhalaya Ltd.,531521,Pharmaceuticals & Drugs,2.67,1,2023-03,4.1,6.77,2022-03,6.19,0.48,1,2023-03,6.57,0.58,0.3,0.47,5.49,6.44,"531521,"
Kabra Drugs Ltd.,524322,Pharmaceuticals & Drugs,2.36,1,2022-09,1.14,3.5,2022-03,,-0.19,1,2023-03,0,,-3.22,-2.61,0,-27.96,"524322,"
Hemo Organic Ltd.,524590,Pharmaceuticals & Drugs,2.17,1,2023-03,0.03,2.09,2022-03,0.01,-0.06,1,2023-03,0,0,-42.14,10.21,-180.16,-89.2,"524590,"
Dolphin Medical Services Ltd.,526504,Hospital & Healthcare Services,2.14,1,2023-03,0.76,2.89,2022-03,0.52,-0.19,1,2023-03,0,0,0.21,0.07,-1.8,-1.5,"526504,"
Shamrock Industrial Company Ltd.,531240,Pharmaceuticals & Drugs,2.06,1,2023-03,0,2.06,2022-03,,-0.21,1,2023-03,0,,1.17,0,-10.36,-10.36,"531240,"
Raymed Labs Ltd.,531207,Pharmaceuticals & Drugs,0.96,1,2023-03,,0.96,2022-03,,-0.08,1,2023-03,0,,-0.42,0,0,0,"531207,"
